year,state_abb,local police department,sheriffs office,other
1960,AK,2400.0,0.0,0.0
1960,AL,27850.0,4549.0,0.0
1960,AR,9241.0,3049.0,0.0
1960,AZ,32953.0,5449.0,0.0
1960,CA,410865.0,123944.0,0.0
1960,CO,29637.0,6645.0,0.0
1960,CT,27386.0,0.0,0.0
1960,DC,20749.0,0.0,0.0
1960,DE,7919.0,1029.0,0.0
1960,FL,95947.0,14542.0,0.0
1960,GA,40131.0,4903.0,0.0
1960,HI,14496.0,0.0,0.0
1960,IA,23897.0,5670.0,0.0
1960,ID,8138.0,2896.0,0.0
1960,IL,93407.0,12891.0,0.0
1960,IN,51721.0,13741.0,0.0
1960,KS,21261.0,6727.0,0.0
1960,KY,27640.0,4460.0,0.0
1960,LA,34254.0,6112.0,0.0
1960,MA,59569.0,1211.0,0.0
1960,MD,48467.0,1657.0,0.0
1960,ME,6610.0,1712.0,0.0
1960,MI,144391.0,21052.0,0.0
1960,MN,41654.0,5614.0,0.0
1960,MO,61599.0,15892.0,0.0
1960,MS,8226.0,1858.0,0.0
1960,MT,7706.0,5251.0,0.0
1960,NC,34482.0,9035.0,0.0
1960,ND,4073.0,1374.0,0.0
1960,NE,13425.0,3089.0,0.0
1960,NH,3405.0,762.0,0.0
1960,NJ,80601.0,108.0,0.0
1960,NM,15069.0,1927.0,0.0
1960,NV,8587.0,758.0,0.0
1960,NY,235834.0,6768.0,0.0
1960,OH,121512.0,18688.0,0.0
1960,OK,33410.0,7042.0,0.0
1960,OR,25340.0,7422.0,0.0
1960,PA,94752.0,1029.0,0.0
1960,RI,18022.0,134.0,0.0
1960,SC,18681.0,5780.0,0.0
1960,SD,5096.0,1796.0,0.0
1960,TN,30571.0,11652.0,0.0
1960,TX,164568.0,17614.0,0.0
1960,UT,15856.0,1684.0,0.0
1960,VA,48550.0,5106.0,0.0
1960,VT,1491.0,109.0,0.0
1960,WA,42944.0,17717.0,0.0
1960,WI,35071.0,7760.0,0.0
1960,WV,7759.0,0.0,0.0
1960,WY,4325.0,1367.0,0.0
1961,AK,2407.0,0.0,0.0
1961,AL,28471.0,4758.0,0.0
1961,AR,10372.0,3456.0,0.0
1961,AZ,37393.0,5771.0,0.0
1961,CA,422650.0,128273.0,0.0
1961,CO,34417.0,7920.0,0.0
1961,CT,29242.0,0.0,0.0
1961,DC,21602.0,0.0,0.0
1961,DE,8104.0,1054.0,0.0
1961,FL,96110.0,26168.0,0.0
1961,GA,44178.0,6401.0,0.0
1961,HI,16548.0,0.0,0.0
1961,IA,23399.0,5896.0,0.0
1961,ID,9235.0,3179.0,0.0
1961,IL,235078.0,15047.0,0.0
1961,IN,56400.0,15417.0,0.0
1961,KS,23751.0,7163.0,0.0
1961,KY,29138.0,4486.0,0.0
1961,LA,32555.0,6872.0,0.0
1961,MA,73354.0,1068.0,0.0
1961,MD,53232.0,2008.0,0.0
1961,ME,6500.0,2898.0,0.0
1961,MI,150770.0,22915.0,0.0
1961,MN,43424.0,5840.0,0.0
1961,MO,76557.0,10550.0,0.0
1961,MS,9581.0,1960.0,0.0
1961,MT,8065.0,5537.0,0.0
1961,NC,36840.0,9139.0,0.0
1961,ND,3911.0,1629.0,0.0
1961,NE,14114.0,3698.0,0.0
1961,NH,3676.0,1279.0,0.0
1961,NJ,90161.0,93.0,0.0
1961,NM,17258.0,2106.0,0.0
1961,NV,9187.0,590.0,0.0
1961,NY,244107.0,9021.0,0.0
1961,OH,117849.0,22383.0,0.0
1961,OK,34838.0,7061.0,0.0
1961,OR,26868.0,8485.0,0.0
1961,PA,99642.0,982.0,0.0
1961,RI,15394.0,230.0,0.0
1961,SC,20871.0,8918.0,0.0
1961,SD,5160.0,2058.0,0.0
1961,TN,31401.0,7899.0,0.0
1961,TX,175545.0,21290.0,0.0
1961,UT,16592.0,1923.0,0.0
1961,VA,52460.0,6627.0,0.0
1961,VT,1406.0,88.0,0.0
1961,WA,45281.0,18205.0,0.0
1961,WI,37910.0,9253.0,0.0
1961,WV,6678.0,0.0,0.0
1961,WY,4851.0,1587.0,0.0
1962,AL,29101.0,3951.0,0.0
1962,AR,11602.0,2975.0,0.0
1962,AZ,41899.0,5833.0,0.0
1962,CA,462256.0,133617.0,0.0
1962,CO,41194.0,8748.0,0.0
1962,CT,31490.0,0.0,0.0
1962,DC,22234.0,0.0,0.0
1962,DE,8825.0,1203.0,0.0
1962,FL,103168.0,27622.0,0.0
1962,GA,44952.0,5807.0,0.0
1962,IA,24530.0,6324.0,0.0
1962,ID,9911.0,2840.0,0.0
1962,IL,239194.0,13220.0,0.0
1962,IN,64851.0,14264.0,0.0
1962,KS,26797.0,6930.0,0.0
1962,KY,31721.0,5029.0,0.0
1962,LA,34377.0,7033.0,0.0
1962,MA,80667.0,857.0,0.0
1962,MD,56914.0,2263.0,0.0
1962,ME,7200.0,2410.0,0.0
1962,MI,160727.0,20489.0,0.0
1962,MN,47335.0,5161.0,0.0
1962,MO,86354.0,11416.0,0.0
1962,MS,10247.0,971.0,0.0
1962,MT,8865.0,4728.0,0.0
1962,NC,40317.0,7845.0,0.0
1962,ND,4317.0,1446.0,0.0
1962,NE,15097.0,3492.0,0.0
1962,NH,4258.0,498.0,0.0
1962,NJ,99534.0,32.0,0.0
1962,NM,16779.0,2482.0,0.0
1962,NV,10958.0,722.0,0.0
1962,NY,265625.0,10206.0,0.0
1962,OH,127474.0,23168.0,0.0
1962,OK,37273.0,6512.0,0.0
1962,OR,28635.0,9168.0,0.0
1962,PA,104508.0,447.0,0.0
1962,RI,15882.0,123.0,0.0
1962,SC,21355.0,7959.0,0.0
1962,SD,5175.0,2021.0,0.0
1962,TN,35753.0,6619.0,0.0
1962,TX,163929.0,17847.0,0.0
1963,AK,3133.0,0.0,0.0
1963,AL,30710.0,3755.0,0.0
1963,AR,13447.0,2887.0,0.0
1963,AZ,45225.0,6663.0,0.0
1963,CA,512028.0,145273.0,0.0
1963,CO,41763.0,9594.0,0.0
1963,CT,37879.0,0.0,0.0
1963,DC,25613.0,0.0,0.0
1963,DE,9583.0,1021.0,0.0
1963,FL,119108.0,31418.0,0.0
1963,GA,48856.0,6743.0,0.0
1963,HI,17579.0,0.0,0.0
1963,IA,25901.0,6212.0,0.0
1963,ID,10326.0,2902.0,0.0
1963,IL,241064.0,15833.0,0.0
1963,IN,74447.0,15825.0,0.0
1963,KS,28647.0,7538.0,0.0
1963,KY,34597.0,5563.0,0.0
1963,LA,39699.0,7382.0,0.0
1963,MA,85926.0,1011.0,0.0
1963,MD,66425.0,2365.0,0.0
1963,ME,7591.0,2602.0,0.0
1963,MI,175521.0,23539.0,0.0
1963,MN,52187.0,5558.0,0.0
1963,MO,95742.0,12413.0,0.0
1963,MS,10014.0,845.0,0.0
1963,MT,9734.0,5169.0,0.0
1963,NC,43389.0,8008.0,0.0
1963,ND,4538.0,1692.0,0.0
1963,NE,16174.0,4063.0,0.0
1963,NH,4446.0,1259.0,0.0
1963,NJ,116757.0,0.0,0.0
1963,NM,20649.0,2270.0,0.0
1963,NV,14414.0,673.0,0.0
1963,NY,304585.0,9307.0,0.0
1963,OH,144548.0,24409.0,0.0
1963,OK,38839.0,6938.0,0.0
1963,OR,30044.0,9960.0,0.0
1963,PA,118508.0,14179.0,0.0
1963,RI,17411.0,151.0,0.0
1963,SC,22618.0,9512.0,0.0
1963,SD,5371.0,2266.0,0.0
1963,TN,40565.0,6945.0,0.0
1963,TX,191120.0,21209.0,0.0
1963,UT,21075.0,2172.0,0.0
1963,VA,63452.0,6884.0,0.0
1963,VT,1715.0,109.0,0.0
1963,WA,52975.0,20719.0,0.0
1963,WI,44562.0,9098.0,0.0
1963,WV,8892.0,0.0,0.0
1963,WY,4907.0,1153.0,0.0
1964,AK,3546.0,0.0,0.0
1964,AL,36956.0,3646.0,0.0
1964,AR,16170.0,3209.0,0.0
1964,AZ,49788.0,7271.0,0.0
1964,CA,578364.0,162343.0,0.0
1964,CO,42283.0,10322.0,0.0
1964,CT,45143.0,0.0,0.0
1964,DC,30357.0,0.0,0.0
1964,DE,5775.0,0.0,0.0
1964,FL,140297.0,32793.0,0.0
1964,GA,57867.0,5639.0,0.0
1964,HI,19447.0,0.0,0.0
1964,IA,30220.0,5995.0,0.0
1964,ID,10422.0,2855.0,0.0
1964,IL,255373.0,17298.0,0.0
1964,IN,83428.0,13000.0,0.0
1964,KS,34595.0,7738.0,0.0
1964,KY,39147.0,5073.0,0.0
1964,LA,48758.0,8902.0,0.0
1964,MA,101579.0,0.0,0.0
1964,MD,76517.0,1190.0,0.0
1964,ME,7835.0,2263.0,0.0
1964,MI,188660.0,23950.0,0.0
1964,MN,62446.0,6922.0,0.0
1964,MO,110681.0,12391.0,0.0
1964,MS,11241.0,2484.0,0.0
1964,MT,9491.0,5033.0,0.0
1964,NC,49369.0,10307.0,0.0
1964,ND,4848.0,2015.0,0.0
1964,NE,19166.0,3632.0,0.0
1964,NH,4504.0,557.0,0.0
1964,NJ,130087.0,0.0,0.0
1964,NM,20553.0,1680.0,0.0
1964,NV,15246.0,686.0,0.0
1964,NY,338394.0,11950.0,0.0
1964,OH,167002.0,25004.0,0.0
1964,OK,42177.0,6784.0,0.0
1964,OR,33891.0,12212.0,0.0
1964,PA,132250.0,348.0,0.0
1964,RI,20774.0,0.0,0.0
1964,SC,27547.0,8434.0,0.0
1964,SD,5307.0,2285.0,0.0
1964,TN,44684.0,7368.0,0.0
1964,TX,217320.0,20794.0,0.0
1964,UT,22150.0,2190.0,0.0
1964,VA,74258.0,8147.0,0.0
1964,VT,1854.0,105.0,0.0
1964,WA,56897.0,23749.0,0.0
1964,WI,52416.0,9310.0,0.0
1964,WV,9556.0,0.0,0.0
1964,WY,4970.0,1050.0,0.0
1965,AK,4091.0,0.0,0.0
1965,AL,42554.0,3567.0,0.0
1965,AR,15121.0,3070.0,0.0
1965,AZ,49604.0,6753.0,0.0
1965,CA,613621.0,178996.0,0.0
1965,CO,41217.0,10082.0,0.0
1965,CT,47094.0,0.0,0.0
1965,DC,33904.0,0.0,0.0
1965,DE,5529.0,0.0,0.0
1965,FL,138248.0,38484.0,0.0
1965,GA,56033.0,6088.0,0.0
1965,HI,22207.0,0.0,0.0
1965,IA,31663.0,5690.0,0.0
1965,ID,10225.0,2794.0,0.0
1965,IL,241990.0,18067.0,0.0
1965,IN,82959.0,12691.0,0.0
1965,KS,36555.0,7126.0,0.0
1965,KY,40282.0,4360.0,0.0
1965,LA,44670.0,13731.0,0.0
1965,MA,106559.0,0.0,0.0
1965,MD,90616.0,1219.0,0.0
1965,ME,8259.0,2088.0,0.0
1965,MI,198051.0,26742.0,0.0
1965,MN,63474.0,6825.0,0.0
1965,MO,111333.0,14751.0,0.0
1965,MS,11702.0,1595.0,0.0
1965,MT,9738.0,4453.0,0.0
1965,NC,51904.0,10434.0,0.0
1965,ND,4804.0,1776.0,0.0
1965,NE,21908.0,3403.0,0.0
1965,NH,5169.0,524.0,0.0
1965,NJ,130954.0,0.0,0.0
1965,NM,22864.0,2689.0,0.0
1965,NV,14217.0,815.0,0.0
1965,NY,364372.0,10130.0,0.0
1965,OH,167582.0,24105.0,0.0
1965,OK,39554.0,6167.0,0.0
1965,OR,37399.0,13573.0,0.0
1965,PA,139245.0,316.0,0.0
1965,RI,20111.0,0.0,0.0
1965,SC,25316.0,5647.0,0.0
1965,SD,5568.0,2209.0,0.0
1965,TN,43972.0,5979.0,0.0
1965,TX,225705.0,21677.0,0.0
1965,UT,25526.0,1896.0,0.0
1965,VA,77343.0,7611.0,0.0
1965,VT,1989.0,164.0,0.0
1965,WA,56276.0,23400.0,0.0
1965,WI,54530.0,8771.0,0.0
1965,WV,9546.0,0.0,0.0
1965,WY,5115.0,879.0,0.0
1966,AK,4855.0,0.0,0.0
1966,AL,185962.0,4153.0,0.0
1966,AR,16807.0,2628.0,0.0
1966,AZ,58555.0,6981.0,0.0
1966,CA,660309.0,187444.0,0.0
1966,CO,46589.0,11028.0,0.0
1966,CT,52323.0,0.0,0.0
1966,DC,39952.0,0.0,0.0
1966,DE,6239.0,0.0,0.0
1966,FL,156023.0,44604.0,0.0
1966,GA,59380.0,6273.0,0.0
1966,HI,24211.0,0.0,0.0
1966,IA,36035.0,6618.0,0.0
1966,ID,9907.0,3093.0,0.0
1966,IL,263684.0,17097.0,0.0
1966,IN,88323.0,12831.0,0.0
1966,KS,39251.0,7239.0,0.0
1966,KY,42615.0,4745.0,0.0
1966,LA,54329.0,15917.0,0.0
1966,MA,115294.0,0.0,0.0
1966,MD,108821.0,955.0,0.0
1966,ME,8572.0,1903.0,0.0
1966,MI,238052.0,33541.0,0.0
1966,MN,70655.0,7508.0,0.0
1966,MO,110014.0,13597.0,0.0
1966,MS,12019.0,1315.0,0.0
1966,MT,10738.0,4639.0,0.0
1966,NC,55961.0,10792.0,0.0
1966,ND,5693.0,1775.0,0.0
1966,NE,23094.0,3048.0,0.0
1966,NH,5814.0,230.0,0.0
1966,NJ,150313.0,27.0,0.0
1966,NM,28111.0,2315.0,0.0
1966,NV,14454.0,776.0,0.0
1966,NY,530437.0,10110.0,0.0
1966,OH,180616.0,23900.0,0.0
1966,OK,41699.0,6140.0,0.0
1966,OR,42219.0,15464.0,0.0
1966,PA,139564.0,372.0,0.0
1966,RI,21896.0,0.0,0.0
1966,SC,25805.0,7795.0,0.0
1966,SD,6188.0,2433.0,0.0
1966,TN,54560.0,6596.0,0.0
1966,TX,255368.0,18552.0,0.0
1966,UT,28269.0,1681.0,0.0
1966,VA,82752.0,7595.0,0.0
1966,VT,2504.0,72.0,0.0
1966,WA,64908.0,25988.0,0.0
1966,WI,65440.0,10223.0,0.0
1966,WV,10292.0,0.0,0.0
1966,WY,5145.0,995.0,0.0
1967,AK,4785.0,0.0,0.0
1967,AL,47316.0,5431.0,0.0
1967,AR,19777.0,3692.0,0.0
1967,AZ,70698.0,7348.0,0.0
1967,CA,747709.0,206891.0,0.0
1967,CO,52545.0,11285.0,0.0
1967,CT,61391.0,0.0,0.0
1967,DC,53916.0,0.0,0.0
1967,DE,6822.0,0.0,0.0
1967,FL,174388.0,51758.0,0.0
1967,GA,52617.0,17115.0,0.0
1967,HI,26545.0,0.0,0.0
1967,IA,41942.0,7184.0,0.0
1967,ID,9168.0,3167.0,0.0
1967,IL,283662.0,22407.0,0.0
1967,IN,101550.0,14822.0,0.0
1967,KS,47386.0,7520.0,0.0
1967,KY,40635.0,12211.0,0.0
1967,LA,62221.0,17913.0,0.0
1967,MA,126665.0,0.0,0.0
1967,MD,78708.0,61001.0,0.0
1967,ME,9861.0,1889.0,0.0
1967,MI,276951.0,34206.0,0.0
1967,MN,82400.0,9359.0,0.0
1967,MO,129378.0,7685.0,0.0
1967,MS,13877.0,446.0,0.0
1967,MT,10526.0,5468.0,0.0
1967,NC,59056.0,18089.0,0.0
1967,ND,6598.0,1857.0,0.0
1967,NE,25060.0,3535.0,0.0
1967,NH,6015.0,331.0,0.0
1967,NJ,180763.0,0.0,0.0
1967,NM,27459.0,1913.0,0.0
1967,NV,16331.0,698.0,0.0
1967,NY,645180.0,39430.0,0.0
1967,OH,222085.0,28872.0,0.0
1967,OK,46603.0,5887.0,0.0
1967,OR,49496.0,17117.0,0.0
1967,PA,156186.0,431.0,0.0
1967,RI,27734.0,0.0,0.0
1967,SC,21559.0,14526.0,0.0
1967,SD,6355.0,2754.0,0.0
1967,TN,62474.0,7602.0,0.0
1967,TX,286350.0,19554.0,0.0
1967,UT,28887.0,1648.0,0.0
1967,VA,78404.0,22601.0,0.0
1967,VT,2461.0,61.0,0.0
1967,WA,83945.0,29141.0,0.0
1967,WI,78076.0,13887.0,0.0
1967,WV,11591.0,0.0,0.0
1967,WY,5293.0,1202.0,0.0
1968,AK,5583.0,0.0,0.0
1968,AL,49659.0,5650.0,0.0
1968,AR,22964.0,4447.0,0.0
1968,AZ,71604.0,8285.0,0.0
1968,CA,854482.0,226228.0,0.0
1968,CO,64072.0,13606.0,0.0
1968,CT,79670.0,0.0,0.0
1968,DC,63679.0,0.0,0.0
1968,DE,8239.0,0.0,0.0
1968,FL,213253.0,56123.0,0.0
1968,GA,58634.0,20412.0,0.0
1968,HI,33192.0,0.0,0.0
1968,IA,47345.0,8040.0,0.0
1968,ID,10466.0,3760.0,0.0
1968,IL,317672.0,22358.0,0.0
1968,IN,114152.0,18645.0,0.0
1968,KS,53825.0,8216.0,0.0
1968,KY,43961.0,12435.0,0.0
1968,LA,66706.0,20256.0,0.0
1968,MA,153974.0,0.0,0.0
1968,MD,95984.0,67798.0,0.0
1968,ME,10369.0,1797.0,0.0
1968,MI,285862.0,35382.0,0.0
1968,MN,95941.0,11243.0,0.0
1968,MO,150389.0,8974.0,0.0
1968,MS,15920.0,1803.0,0.0
1968,MT,10808.0,5286.0,0.0
1968,NC,64716.0,18413.0,0.0
1968,ND,6959.0,1601.0,0.0
1968,NE,29262.0,3631.0,0.0
1968,NH,7116.0,324.0,0.0
1968,NJ,222612.0,0.0,0.0
1968,NM,32018.0,1937.0,0.0
1968,NV,17648.0,553.0,0.0
1968,NY,724003.0,46002.0,0.0
1968,OH,247747.0,29758.0,0.0
1968,OK,53328.0,3116.0,0.0
1968,OR,53419.0,16675.0,0.0
1968,PA,184939.0,521.0,0.0
1968,RI,34786.0,0.0,0.0
1968,SC,23210.0,16488.0,0.0
1968,SD,7730.0,2439.0,0.0
1968,TN,65025.0,7745.0,0.0
1968,TX,326669.0,18551.0,0.0
1968,UT,33268.0,2034.0,0.0
1968,VA,86304.0,25019.0,0.0
1968,VT,2531.0,67.0,0.0
1968,WA,92615.0,36111.0,0.0
1968,WI,81947.0,14941.0,0.0
1968,WV,12912.0,0.0,0.0
1968,WY,5869.0,1559.0,0.0
1969,AK,6377.0,0.0,0.0
1969,AL,53784.0,5320.0,0.0
1969,AR,27199.0,5621.0,0.0
1969,AZ,77991.0,8561.0,0.0
1969,CA,919774.0,244203.0,0.0
1969,CO,72827.0,17574.0,0.0
1969,CT,89357.0,0.0,0.0
1969,DC,83023.0,0.0,0.0
1969,DE,9952.0,0.0,0.0
1969,FL,229806.0,53658.0,0.0
1969,GA,65278.0,24691.0,0.0
1969,HI,34708.0,0.0,0.0
1969,IA,49459.0,8704.0,0.0
1969,ID,14707.0,3960.0,0.0
1969,IL,341098.0,24427.0,0.0
1969,IN,117301.0,19722.0,0.0
1969,KS,63285.0,8862.0,0.0
1969,KY,46184.0,13055.0,0.0
1969,LA,73490.0,24741.0,0.0
1969,MA,178439.0,0.0,0.0
1969,MD,91047.0,70985.0,0.0
1969,ME,11770.0,2317.0,0.0
1969,MI,334794.0,35319.0,0.0
1969,MN,101188.0,11338.0,0.0
1969,MO,175252.0,9363.0,0.0
1969,MS,16917.0,1518.0,0.0
1969,MT,11997.0,5225.0,0.0
1969,NC,71158.0,21157.0,0.0
1969,ND,7272.0,1628.0,0.0
1969,NE,30296.0,3488.0,0.0
1969,NH,7886.0,611.0,0.0
1969,NJ,223234.0,6676.0,0.0
1969,NM,35072.0,5269.0,0.0
1969,NV,19911.0,1082.0,0.0
1969,NY,723767.0,52657.0,0.0
1969,OH,286392.0,31172.0,0.0
1969,OK,54417.0,6122.0,0.0
1969,OR,60389.0,22543.0,0.0
1969,PA,191065.0,511.0,0.0
1969,RI,36630.0,0.0,0.0
1969,SC,29461.0,18422.0,0.0
1969,SD,7769.0,2209.0,0.0
1969,TN,65725.0,8675.0,0.0
1969,TX,380063.0,22152.0,0.0
1969,UT,37819.0,2434.0,0.0
1969,VA,94276.0,28151.0,0.0
1969,VT,2934.0,19.0,0.0
1969,WA,110832.0,42143.0,0.0
1969,WI,86146.0,15865.0,0.0
1969,WV,11693.0,0.0,0.0
1969,WY,6428.0,1640.0,0.0
1970,AK,7144.0,0.0,0.0
1970,AL,60853.0,6095.0,0.0
1970,AR,27865.0,5404.0,0.0
1970,AZ,91947.0,9297.0,0.0
1970,CA,988059.0,268041.0,0.0
1970,CO,95882.0,16812.0,0.0
1970,CT,97016.0,0.0,0.0
1970,DC,82341.0,0.0,0.0
1970,DE,13439.0,0.0,0.0
1970,FL,279040.0,64433.0,0.0
1970,GA,78016.0,26667.0,0.0
1970,HI,38726.0,0.0,0.0
1970,IA,54462.0,9921.0,0.0
1970,ID,16699.0,5218.0,0.0
1970,IL,375292.0,24952.0,0.0
1970,IN,136195.0,20939.0,0.0
1970,KS,70912.0,10486.0,0.0
1970,KY,54654.0,20845.0,0.0
1970,LA,85447.0,26074.0,0.0
1970,MA,198800.0,0.0,0.0
1970,MD,93717.0,76756.0,0.0
1970,ME,13368.0,2424.0,0.0
1970,MI,401339.0,69849.0,0.0
1970,MN,106246.0,13465.0,0.0
1970,MO,175089.0,9593.0,0.0
1970,MS,20807.0,1016.0,0.0
1970,MT,12498.0,5361.0,0.0
1970,NC,81758.0,21848.0,0.0
1970,ND,8321.0,1840.0,0.0
1970,NE,32249.0,3594.0,0.0
1970,NH,9712.0,1117.0,0.0
1970,NJ,248605.0,0.0,0.0
1970,NM,35888.0,4496.0,0.0
1970,NV,23705.0,1447.0,0.0
1970,NY,779163.0,58120.0,0.0
1970,OH,317649.0,41085.0,0.0
1970,OK,60726.0,6960.0,0.0
1970,OR,68276.0,26365.0,0.0
1970,PA,207353.0,710.0,0.0
1970,RI,39924.0,0.0,0.0
1970,SC,32397.0,20099.0,0.0
1970,SD,9075.0,2440.0,0.0
1970,TN,71600.0,7507.0,0.0
1970,TX,404396.0,22482.0,0.0
1970,UT,39831.0,2691.0,0.0
1970,VA,109347.0,35411.0,0.0
1970,VT,4068.0,63.0,0.0
1970,WA,113159.0,46371.0,0.0
1970,WI,96436.0,19670.0,0.0
1970,WV,13370.0,0.0,0.0
1970,WY,7089.0,1993.0,0.0
1971,AK,9581.0,0.0,0.0
1971,AL,62637.0,7024.0,0.0
1971,AR,26731.0,5727.0,0.0
1971,AZ,95360.0,10172.0,0.0
1971,CA,1097486.0,243336.0,0.0
1971,CO,99821.0,16536.0,0.0
1971,CT,104875.0,0.0,0.0
1971,DC,70516.0,0.0,0.0
1971,DE,17477.0,0.0,0.0
1971,FL,314406.0,87969.0,0.0
1971,GA,107518.0,9514.0,0.0
1971,HI,39364.0,0.0,0.0
1971,IA,58247.0,9337.0,0.0
1971,ID,20025.0,4919.0,0.0
1971,IL,382238.0,26418.0,0.0
1971,IN,136174.0,17677.0,0.0
1971,KS,67712.0,10194.0,0.0
1971,KY,65490.0,8754.0,0.0
1971,LA,87816.0,28092.0,0.0
1971,MA,237462.0,0.0,0.0
1971,MD,176531.0,3147.0,0.0
1971,ME,14092.0,2963.0,0.0
1971,MI,429288.0,78677.0,0.0
1971,MN,119279.0,14623.0,0.0
1971,MO,161832.0,20005.0,0.0
1971,MS,26725.0,2631.0,0.0
1971,MT,13879.0,5600.0,0.0
1971,NC,86891.0,21984.0,0.0
1971,ND,10045.0,2231.0,0.0
1971,NE,31964.0,5261.0,0.0
1971,NH,11415.0,989.0,0.0
1971,NJ,281386.0,0.0,0.0
1971,NM,41666.0,5435.0,0.0
1971,NV,23738.0,1398.0,0.0
1971,NY,850866.0,19441.0,0.0
1971,OH,323641.0,45284.0,0.0
1971,OK,64070.0,7194.0,0.0
1971,OR,75392.0,28346.0,0.0
1971,PA,240211.0,120.0,0.0
1971,RI,45239.0,0.0,0.0
1971,SC,35466.0,22026.0,0.0
1971,SD,8940.0,2606.0,0.0
1971,TN,79812.0,8297.0,0.0
1971,TX,404527.0,25681.0,0.0
1971,UT,43304.0,2356.0,0.0
1971,VA,145133.0,6911.0,0.0
1971,VT,4308.0,31.0,0.0
1971,WA,113018.0,50993.0,0.0
1971,WI,107336.0,23046.0,0.0
1971,WV,14879.0,0.0,0.0
1971,WY,7153.0,1916.0,0.0
1972,AK,10506.0,0.0,0.0
1972,AL,59873.0,7503.0,0.0
1972,AR,26640.0,5022.0,0.0
1972,AZ,98201.0,13321.0,0.0
1972,CA,1064199.0,235700.0,0.0
1972,CO,105159.0,18971.0,0.0
1972,CT,95423.0,0.0,0.0
1972,DC,52636.0,0.0,0.0
1972,DE,15255.0,0.0,0.0
1972,FL,300826.0,89867.0,0.0
1972,GA,108135.0,10978.0,0.0
1972,HI,35958.0,0.0,0.0
1972,IA,58396.0,8924.0,0.0
1972,ID,18898.0,4792.0,0.0
1972,IL,289949.0,19070.0,0.0
1972,IN,128207.0,26349.0,0.0
1972,KS,65677.0,9330.0,0.0
1972,KY,58601.0,8477.0,0.0
1972,LA,81935.0,30646.0,0.0
1972,MA,219241.0,0.0,0.0
1972,MD,167778.0,3227.0,0.0
1972,ME,17632.0,3414.0,0.0
1972,MI,398624.0,80971.0,0.0
1972,MN,114974.0,14038.0,0.0
1972,MO,155749.0,20859.0,0.0
1972,MS,27435.0,6861.0,0.0
1972,MT,15041.0,5539.0,0.0
1972,NC,85705.0,23026.0,0.0
1972,ND,9710.0,2098.0,0.0
1972,NE,34100.0,5112.0,0.0
1972,NH,11443.0,790.0,0.0
1972,NJ,275142.0,0.0,0.0
1972,NM,42040.0,5633.0,0.0
1972,NV,30859.0,3289.0,0.0
1972,NY,691492.0,20824.0,0.0
1972,OH,297451.0,43998.0,0.0
1972,OK,66125.0,5105.0,0.0
1972,OR,76223.0,29092.0,0.0
1972,PA,233112.0,0.0,0.0
1972,RI,43284.0,0.0,0.0
1972,SC,42563.0,24116.0,0.0
1972,SD,9051.0,2846.0,0.0
1972,TN,84700.0,9325.0,0.0
1972,TX,391310.0,23030.0,0.0
1972,UT,42186.0,2972.0,0.0
1972,VA,115447.0,7487.0,0.0
1972,VT,4805.0,55.0,0.0
1972,WA,105882.0,52447.0,0.0
1972,WI,105980.0,24672.0,0.0
1972,WV,16312.0,2587.0,0.0
1972,WY,7541.0,1667.0,0.0
1973,AK,11217.0,0.0,0.0
1973,AL,66345.0,8794.0,0.0
1973,AR,32898.0,6481.0,0.0
1973,AZ,116509.0,14131.0,0.0
1973,CA,1049597.0,236837.0,0.0
1973,CO,105641.0,19296.0,0.0
1973,CT,101678.0,0.0,0.0
1973,DC,51077.0,0.0,0.0
1973,DE,16014.0,0.0,0.0
1973,FL,345577.0,112508.0,0.0
1973,GA,119397.0,15531.0,0.0
1973,HI,39043.0,0.0,0.0
1973,IA,64328.0,12246.0,0.0
1973,ID,18713.0,5916.0,0.0
1973,IL,436614.0,38790.0,0.0
1973,IN,135771.0,20165.0,0.0
1973,KS,67005.0,10178.0,0.0
1973,KY,60686.0,7264.0,0.0
1973,LA,84040.0,31924.0,0.0
1973,MA,233463.0,0.0,0.0
1973,MD,175054.0,3188.0,0.0
1973,ME,18163.0,4057.0,0.0
1973,MI,398166.0,89385.0,0.0
1973,MN,119794.0,16702.0,0.0
1973,MO,159056.0,23868.0,0.0
1973,MS,29041.0,8344.0,0.0
1973,MT,15817.0,6428.0,0.0
1973,NC,102897.0,32503.0,0.0
1973,ND,10642.0,1996.0,0.0
1973,NE,36837.0,5500.0,0.0
1973,NH,14368.0,798.0,0.0
1973,NJ,292498.0,0.0,0.0
1973,NM,43904.0,5885.0,0.0
1973,NV,35073.0,3468.0,0.0
1973,NY,684462.0,24807.0,0.0
1973,OH,301514.0,50267.0,0.0
1973,OK,75437.0,8112.0,0.0
1973,OR,79970.0,31622.0,0.0
1973,PA,240039.0,0.0,0.0
1973,RI,44556.0,0.0,0.0
1973,SC,47373.0,28990.0,0.0
1973,SD,9107.0,2703.0,0.0
1973,TN,101757.0,12164.0,0.0
1973,TX,422595.0,23981.0,0.0
1973,UT,43724.0,3184.0,0.0
1973,VA,141127.0,6943.0,0.0
1973,VT,5167.0,32.0,0.0
1973,WA,110785.0,57012.0,0.0
1973,WI,115529.0,27803.0,0.0
1973,WV,16043.0,3109.0,0.0
1973,WY,8064.0,2221.0,0.0
1974,AK,13528.0,0.0,0.0
1974,AL,85891.0,10766.0,0.0
1974,AR,47167.0,5928.0,0.0
1974,AZ,157115.0,20245.0,0.0
1974,CA,1207516.0,282845.0,0.0
1974,CO,128517.0,21152.0,0.0
1974,CT,128566.0,0.0,0.0
1974,DC,56519.0,0.0,0.0
1974,DE,23871.0,0.0,0.0
1974,FL,462467.0,158497.0,0.0
1974,GA,140384.0,20725.0,0.0
1974,HI,55860.0,0.0,0.0
1974,IA,80351.0,13106.0,0.0
1974,ID,24714.0,8328.0,0.0
1974,IL,571700.0,52128.0,0.0
1974,IN,161777.0,33887.0,0.0
1974,KS,90608.0,12908.0,0.0
1974,KY,76917.0,10118.0,0.0
1974,LA,98104.0,43279.0,0.0
1974,MA,281372.0,0.0,0.0
1974,MD,243765.0,5327.0,0.0
1974,ME,28490.0,5869.0,0.0
1974,MI,505047.0,118354.0,0.0
1974,MN,138645.0,21262.0,0.0
1974,MO,192799.0,31580.0,0.0
1974,MS,37741.0,7559.0,0.0
1974,MT,20246.0,6711.0,0.0
1974,NC,148492.0,45304.0,0.0
1974,ND,10814.0,2279.0,0.0
1974,NE,47423.0,6927.0,0.0
1974,NH,19651.0,760.0,0.0
1974,NJ,378358.0,0.0,0.0
1974,NM,51844.0,7231.0,0.0
1974,NV,41205.0,5393.0,0.0
1974,NY,873374.0,28097.0,0.0
1974,OH,387485.0,64246.0,0.0
1974,OK,98801.0,12341.0,0.0
1974,OR,102289.0,39508.0,0.0
1974,PA,326155.0,84.0,0.0
1974,RI,49153.0,0.0,0.0
1974,SC,68975.0,46438.0,0.0
1974,SD,11239.0,2747.0,0.0
1974,TN,124720.0,16282.0,0.0
1974,TX,524754.0,29216.0,0.0
1974,UT,54484.0,3265.0,0.0
1974,VA,182048.0,10929.0,0.0
1974,VT,5580.0,52.0,0.0
1974,WA,139921.0,69235.0,0.0
1974,WI,135604.0,33968.0,0.0
1974,WV,20647.0,4000.0,0.0
1974,WY,9294.0,2524.0,0.0
1975,AK,17405.0,0.0,0.0
1975,AL,105486.0,16101.0,0.0
1975,AR,55933.0,13331.0,0.0
1975,AZ,163505.0,25303.0,0.0
1975,CA,1286125.0,305856.0,0.0
1975,CO,144532.0,17848.0,0.0
1975,CT,141211.0,0.0,0.0
1975,DC,56954.0,0.0,0.0
1975,DE,28714.0,0.0,0.0
1975,FL,502275.0,176928.0,0.0
1975,GA,166417.0,22915.0,0.0
1975,HI,58642.0,0.0,0.0
1975,IA,97648.0,17495.0,0.0
1975,ID,25934.0,9048.0,0.0
1975,IL,580513.0,55914.0,0.0
1975,IN,186230.0,47791.0,0.0
1975,KS,97627.0,14064.0,0.0
1975,KY,91793.0,11398.0,0.0
1975,LA,108691.0,47123.0,0.0
1975,MA,325233.0,0.0,0.0
1975,MD,254450.0,7656.0,0.0
1975,ME,34197.0,7049.0,0.0
1975,MI,540412.0,119815.0,0.0
1975,MN,151568.0,23832.0,0.0
1975,MO,215187.0,36981.0,0.0
1975,MS,41127.0,8280.0,0.0
1975,MT,20672.0,8741.0,0.0
1975,NC,161566.0,51763.0,0.0
1975,ND,11939.0,2388.0,0.0
1975,NE,51015.0,7787.0,0.0
1975,NH,21444.0,700.0,0.0
1975,NJ,407890.0,1679.0,0.0
1975,NM,58624.0,9209.0,0.0
1975,NV,45282.0,5655.0,0.0
1975,NY,976094.0,35932.0,0.0
1975,OH,447118.0,69969.0,0.0
1975,OK,112732.0,14537.0,0.0
1975,OR,110943.0,42414.0,0.0
1975,PA,358357.0,99.0,0.0
1975,RI,53160.0,0.0,0.0
1975,SC,78872.0,49766.0,0.0
1975,SD,12225.0,2769.0,0.0
1975,TN,143871.0,18818.0,0.0
1975,TX,591012.0,61266.0,0.0
1975,UT,58037.0,2904.0,0.0
1975,VA,202209.0,30476.0,0.0
1975,VT,7188.0,78.0,0.0
1975,WA,147684.0,70143.0,0.0
1975,WI,148713.0,37972.0,0.0
1975,WV,24998.0,4747.0,0.0
1975,WY,10261.0,3185.0,0.0
1976,AK,18194.0,0.0,0.0
1976,AL,120147.0,22624.0,0.0
1976,AR,56289.0,13188.0,0.0
1976,AZ,158076.0,25799.0,0.0
1976,CA,1313767.0,308159.0,0.0
1976,CO,149633.0,19207.0,0.0
1976,CT,135558.0,0.0,0.0
1976,DC,51357.0,0.0,0.0
1976,DE,29150.0,0.0,0.0
1976,FL,466494.0,168735.0,0.0
1976,GA,176305.0,19172.0,0.0
1976,HI,62998.0,0.0,0.0
1976,IA,98805.0,20717.0,0.0
1976,ID,27380.0,9512.0,0.0
1976,IL,565065.0,53998.0,0.0
1976,IN,178131.0,46632.0,0.0
1976,KS,101262.0,15258.0,0.0
1976,KY,92347.0,10747.0,0.0
1976,LA,122753.0,55594.0,0.0
1976,MA,299980.0,0.0,0.0
1976,MD,246227.0,7620.0,0.0
1976,ME,36325.0,6973.0,0.0
1976,MI,522827.0,102329.0,0.0
1976,MN,156128.0,24029.0,0.0
1976,MO,221778.0,16414.0,0.0
1976,MS,40502.0,10795.0,0.0
1976,MT,19851.0,8882.0,0.0
1976,NC,164107.0,57892.0,0.0
1976,ND,13133.0,3062.0,0.0
1976,NE,49162.0,8527.0,0.0
1976,NH,23200.0,489.0,0.0
1976,NJ,430810.0,0.0,0.0
1976,NM,64313.0,8194.0,0.0
1976,NV,48169.0,5631.0,0.0
1976,NY,1104342.0,41142.0,0.0
1976,OH,448610.0,75449.0,0.0
1976,OK,112923.0,13508.0,0.0
1976,OR,108629.0,40135.0,0.0
1976,PA,357149.0,266.0,0.0
1976,RI,53739.0,0.0,0.0
1976,SC,88467.0,57045.0,0.0
1976,SD,12451.0,3103.0,0.0
1976,TN,141983.0,20937.0,0.0
1976,TX,632555.0,59582.0,0.0
1976,UT,57005.0,2678.0,0.0
1976,VA,196489.0,29454.0,0.0
1976,VT,4632.0,19.0,0.0
1976,WA,141845.0,69437.0,0.0
1976,WI,146778.0,36380.0,0.0
1976,WV,29432.0,4985.0,0.0
1976,WY,10298.0,2861.0,0.0
1977,AK,18260.0,0.0,0.0
1977,AL,120404.0,22730.0,0.0
1977,AR,54853.0,15979.0,0.0
1977,AZ,157977.0,26159.0,0.0
1977,CA,1297028.0,292322.0,0.0
1977,CO,153597.0,25447.0,0.0
1977,CT,133758.0,0.0,0.0
1977,DC,51621.0,0.0,0.0
1977,DE,28360.0,0.0,0.0
1977,FL,450372.0,168289.0,0.0
1977,GA,179781.0,33475.0,0.0
1977,HI,66526.0,0.0,0.0
1977,IA,92665.0,19734.0,0.0
1977,ID,27309.0,9797.0,0.0
1977,IL,545417.0,52749.0,0.0
1977,IN,164802.0,40425.0,0.0
1977,KS,98385.0,14423.0,0.0
1977,KY,85134.0,8882.0,0.0
1977,LA,130130.0,59455.0,0.0
1977,MA,307173.0,0.0,0.0
1977,MD,244738.0,8267.0,0.0
1977,ME,37351.0,6271.0,0.0
1977,MI,465206.0,101135.0,0.0
1977,MN,152091.0,25475.0,0.0
1977,MO,203609.0,16219.0,0.0
1977,MS,47401.0,9237.0,0.0
1977,MT,19153.0,9618.0,0.0
1977,NC,162832.0,57910.0,0.0
1977,ND,12854.0,3861.0,0.0
1977,NE,48940.0,8036.0,0.0
1977,NH,32526.0,418.0,0.0
1977,NJ,411177.0,940.0,0.0
1977,NM,52821.0,7837.0,0.0
1977,NV,47700.0,5917.0,0.0
1977,NY,1010962.0,38273.0,0.0
1977,OH,446652.0,77322.0,0.0
1977,OK,106419.0,14475.0,0.0
1977,OR,104612.0,40247.0,0.0
1977,PA,330993.0,135.0,0.0
1977,RI,52099.0,0.0,0.0
1977,SC,89470.0,58846.0,0.0
1977,SD,13474.0,4179.0,0.0
1977,TN,131448.0,23509.0,0.0
1977,TX,644036.0,68962.0,0.0
1977,UT,55100.0,2768.0,0.0
1977,VA,193522.0,28265.0,0.0
1977,VT,4736.0,81.0,0.0
1977,WA,139925.0,71806.0,0.0
1977,WI,144663.0,35810.0,0.0
1977,WV,28039.0,5793.0,0.0
1977,WY,11467.0,3467.0,0.0
1978,AK,19746.0,0.0,0.0
1978,AL,130426.0,23623.0,0.0
1978,AR,59245.0,17129.0,0.0
1978,AZ,160390.0,26699.0,0.0
1978,CA,1350109.0,299220.0,0.0
1978,CO,156381.0,29238.0,0.0
1978,CT,150216.0,0.0,0.0
1978,DC,52617.0,0.0,0.0
1978,DE,29708.0,0.0,0.0
1978,FL,472696.0,187605.0,0.0
1978,GA,209497.0,37185.0,0.0
1978,HI,72510.0,0.0,0.0
1978,IA,99308.0,19579.0,0.0
1978,ID,27456.0,9634.0,0.0
1978,IL,543659.0,51874.0,0.0
1978,IN,164388.0,37609.0,0.0
1978,KS,98729.0,13599.0,0.0
1978,KY,84533.0,11776.0,0.0
1978,LA,142538.0,62635.0,0.0
1978,MA,299258.0,0.0,0.0
1978,MD,249993.0,8530.0,0.0
1978,ME,38889.0,6109.0,0.0
1978,MI,461609.0,97393.0,0.0
1978,MN,151328.0,24932.0,0.0
1978,MO,203581.0,16330.0,0.0
1978,MS,47761.0,10135.0,0.0
1978,MT,21476.0,10527.0,0.0
1978,NC,164565.0,62866.0,0.0
1978,ND,12585.0,3582.0,0.0
1978,NE,48277.0,7391.0,0.0
1978,NH,35719.0,353.0,0.0
1978,NJ,421855.0,4.0,0.0
1978,NM,51844.0,7516.0,0.0
1978,NV,51717.0,6860.0,0.0
1978,NY,962906.0,40013.0,0.0
1978,OH,445611.0,70905.0,0.0
1978,OK,106631.0,13686.0,0.0
1978,OR,110231.0,42133.0,0.0
1978,PA,353854.0,187.0,0.0
1978,RI,50357.0,0.0,0.0
1978,SC,93350.0,61423.0,0.0
1978,SD,13706.0,4057.0,0.0
1978,TN,135417.0,27158.0,0.0
1978,TX,674838.0,72690.0,0.0
1978,UT,62854.0,3768.0,0.0
1978,VA,195597.0,29762.0,0.0
1978,VT,3988.0,253.0,0.0
1978,WA,153469.0,79713.0,0.0
1978,WI,148921.0,36735.0,0.0
1978,WV,29477.0,6015.0,0.0
1978,WY,13018.0,4152.0,0.0
1979,AK,22021.0,0.0,0.0
1979,AL,142340.0,25173.0,0.0
1979,AR,62068.0,18977.0,0.0
1979,AZ,175107.0,27255.0,0.0
1979,CA,1445412.0,319255.0,0.0
1979,CO,169703.0,30081.0,0.0
1979,CT,171833.0,0.0,0.0
1979,DC,58236.0,0.0,0.0
1979,DE,29757.0,0.0,0.0
1979,FL,529953.0,209470.0,0.0
1979,GA,236714.0,41865.0,0.0
1979,HI,75852.0,0.0,0.0
1979,IA,107778.0,21385.0,0.0
1979,ID,30028.0,10443.0,0.0
1979,IL,586118.0,62631.0,0.0
1979,IN,180161.0,42228.0,0.0
1979,KS,107480.0,14806.0,0.0
1979,KY,90028.0,11850.0,0.0
1979,LA,160479.0,70591.0,0.0
1979,MA,320175.0,0.0,0.0
1979,MD,264764.0,9391.0,0.0
1979,ME,41020.0,6154.0,0.0
1979,MI,490717.0,77828.0,0.0
1979,MN,162430.0,28899.0,0.0
1979,MO,218905.0,17765.0,0.0
1979,MS,53990.0,9925.0,0.0
1979,MT,24493.0,11254.0,0.0
1979,NC,181961.0,74017.0,0.0
1979,ND,14945.0,3817.0,0.0
1979,NE,57373.0,8921.0,0.0
1979,NH,41146.0,412.0,0.0
1979,NJ,467735.0,201.0,0.0
1979,NM,59137.0,7184.0,0.0
1979,NV,59348.0,7162.0,0.0
1979,NY,1036245.0,42157.0,0.0
1979,OH,488096.0,78973.0,0.0
1979,OK,122521.0,14619.0,0.0
1979,OR,118570.0,46840.0,0.0
1979,PA,380233.0,158.0,0.0
1979,RI,55667.0,0.0,0.0
1979,SC,95008.0,66568.0,0.0
1979,SD,14146.0,4687.0,0.0
1979,TN,144471.0,32415.0,0.0
1979,TX,743776.0,78425.0,0.0
1979,UT,73268.0,4237.0,0.0
1979,VA,210783.0,32551.0,0.0
1979,VT,3449.0,19.0,0.0
1979,WA,174738.0,88183.0,0.0
1979,WI,171452.0,41272.0,0.0
1979,WV,29697.0,5787.0,0.0
1979,WY,16556.0,5065.0,0.0
1980,AK,22788.0,0.0,0.0
1980,AL,168015.0,29642.0,0.0
1980,AR,70062.0,19399.0,0.0
1980,AZ,204055.0,28622.0,0.0
1980,CA,1565793.0,351385.0,0.0
1980,CO,172743.0,24378.0,0.0
1980,CT,181337.0,0.0,0.0
1980,DC,65482.0,0.0,0.0
1980,DE,31655.0,0.0,0.0
1980,FL,624991.0,242183.0,0.0
1980,GA,253492.0,45772.0,0.0
1980,HI,83564.0,0.0,0.0
1980,IA,115830.0,24775.0,0.0
1980,ID,35316.0,12348.0,0.0
1980,IL,604479.0,68103.0,0.0
1980,IN,188026.0,45839.0,0.0
1980,KS,119833.0,16681.0,0.0
1980,KY,97858.0,12438.0,0.0
1980,LA,163356.0,62659.0,0.0
1980,MA,328859.0,0.0,0.0
1980,MD,277610.0,10049.0,0.0
1980,ME,42790.0,6668.0,0.0
1980,MI,532631.0,84171.0,0.0
1980,MN,175997.0,32751.0,0.0
1980,MO,246211.0,20044.0,0.0
1980,MS,62557.0,10505.0,0.0
1980,MT,26477.0,11810.0,0.0
1980,NC,200506.0,82527.0,0.0
1980,ND,15745.0,4326.0,0.0
1980,NE,61451.0,9492.0,0.0
1980,NH,43052.0,368.0,0.0
1980,NJ,512144.0,0.0,0.0
1980,NM,65461.0,5721.0,0.0
1980,NV,67800.0,8304.0,0.0
1980,NY,1138330.0,44531.0,0.0
1980,OH,517614.0,87671.0,0.0
1980,OK,133698.0,16670.0,0.0
1980,OR,129364.0,50367.0,0.0
1980,PA,408823.0,110.0,0.0
1980,RI,58297.0,0.0,0.0
1980,SC,107326.0,73954.0,0.0
1980,SD,15563.0,4650.0,0.0
1980,TN,167806.0,35637.0,0.0
1980,TX,789708.0,89100.0,0.0
1980,UT,81007.0,5445.0,0.0
1980,VA,226194.0,38910.0,0.0
1980,VT,3314.0,4.0,0.0
1980,WA,199811.0,96398.0,0.0
1980,WI,185557.0,46158.0,0.0
1980,WV,33197.0,6780.0,0.0
1980,WY,18746.0,4980.0,0.0
1981,AK,25695.0,0.0,0.0
1981,AL,165622.0,29588.0,0.0
1981,AR,71572.0,17902.0,0.0
1981,AZ,197022.0,25776.0,0.0
1981,CA,1567942.0,340196.0,0.0
1981,CO,186759.0,34170.0,0.0
1981,CT,177949.0,0.0,0.0
1981,DC,69759.0,0.0,0.0
1981,DE,31062.0,0.0,0.0
1981,FL,633862.0,250202.0,0.0
1981,GA,260049.0,46852.0,0.0
1981,HI,73900.0,0.0,0.0
1981,IA,116004.0,23785.0,0.0
1981,ID,34283.0,11827.0,0.0
1981,IL,577751.0,64970.0,0.0
1981,IN,176186.0,42484.0,0.0
1981,KS,122437.0,16542.0,0.0
1981,KY,92750.0,11241.0,0.0
1981,LA,156878.0,65201.0,0.0
1981,MA,297361.0,0.0,0.0
1981,MD,279849.0,10404.0,0.0
1981,ME,41977.0,6949.0,0.0
1981,MI,558998.0,75857.0,0.0
1981,MN,179093.0,32074.0,0.0
1981,MO,242727.0,19249.0,0.0
1981,MS,66626.0,10323.0,0.0
1981,MT,20795.0,8876.0,0.0
1981,NC,199467.0,78168.0,0.0
1981,ND,16229.0,4342.0,0.0
1981,NE,59316.0,9597.0,0.0
1981,NH,39914.0,290.0,0.0
1981,NJ,499298.0,0.0,0.0
1981,NM,69655.0,9486.0,0.0
1981,NV,69579.0,6581.0,0.0
1981,NY,1113182.0,41323.0,0.0
1981,OH,515989.0,82881.0,0.0
1981,OK,134018.0,17989.0,0.0
1981,OR,139254.0,54779.0,0.0
1981,PA,406546.0,108.0,0.0
1981,RI,58166.0,0.0,0.0
1981,SC,106393.0,75868.0,0.0
1981,SD,15207.0,3617.0,0.0
1981,TN,162304.0,31029.0,0.0
1981,TX,796430.0,98251.0,0.0
1981,UT,79646.0,5212.0,0.0
1981,VA,232446.0,38793.0,0.0
1981,VT,3088.0,0.0,0.0
1981,WA,197174.0,91135.0,0.0
1981,WI,181661.0,39871.0,0.0
1981,WV,34817.0,8239.0,0.0
1981,WY,20621.0,5321.0,0.0
1982,AK,25244.0,0.0,0.0
1982,AL,161802.0,27396.0,0.0
1982,AR,74721.0,17342.0,0.0
1982,AZ,185141.0,24685.0,0.0
1982,CA,1546646.0,333041.0,0.0
1982,CO,186583.0,35385.0,0.0
1982,CT,171839.0,0.0,0.0
1982,DC,67428.0,0.0,0.0
1982,DE,29701.0,0.0,0.0
1982,FL,612164.0,236583.0,0.0
1982,GA,243076.0,42775.0,0.0
1982,HI,76897.0,0.0,0.0
1982,IA,100231.0,18098.0,0.0
1982,ID,30542.0,11136.0,0.0
1982,IL,582854.0,58021.0,0.0
1982,IN,174741.0,42293.0,0.0
1982,KS,115115.0,15675.0,0.0
1982,KY,96041.0,8156.0,0.0
1982,LA,158450.0,70630.0,0.0
1982,MA,292925.0,0.0,0.0
1982,MD,263600.0,10197.0,0.0
1982,ME,38389.0,6158.0,0.0
1982,MI,528133.0,57251.0,0.0
1982,MN,170028.0,28532.0,0.0
1982,MO,227327.0,18080.0,0.0
1982,MS,66452.0,10701.0,0.0
1982,MT,19516.0,10597.0,0.0
1982,NC,209318.0,74628.0,0.0
1982,ND,14653.0,3813.0,0.0
1982,NE,54006.0,8950.0,0.0
1982,NH,36770.0,206.0,0.0
1982,NJ,466638.0,0.0,0.0
1982,NM,71179.0,6945.0,0.0
1982,NV,66930.0,5762.0,0.0
1982,NY,1063911.0,38366.0,0.0
1982,OH,469864.0,75110.0,0.0
1982,OK,148809.0,20765.0,0.0
1982,OR,132541.0,51466.0,0.0
1982,PA,391678.0,157.0,0.0
1982,RI,53809.0,0.0,0.0
1982,SC,112442.0,78178.0,0.0
1982,SD,13313.0,2768.0,0.0
1982,TN,168473.0,30860.0,0.0
1982,TX,893225.0,110165.0,0.0
1982,UT,81582.0,4789.0,0.0
1982,VA,219271.0,36216.0,0.0
1982,VT,3431.0,0.0,0.0
1982,WA,188137.0,89726.0,0.0
1982,WI,178836.0,34763.0,0.0
1982,WV,32551.0,8696.0,0.0
1982,WY,20363.0,4810.0,0.0
1983,AK,25760.0,0.0,0.0
1983,AL,145827.0,24071.0,0.0
1983,AR,69519.0,16590.0,0.0
1983,AZ,179552.0,23168.0,0.0
1983,CA,1454331.0,309370.0,0.0
1983,CO,183000.0,33763.0,0.0
1983,CT,160282.0,0.0,0.0
1983,DC,59691.0,0.0,0.0
1983,DE,27061.0,0.0,0.0
1983,FL,571949.0,222270.0,0.0
1983,GA,218071.0,38038.0,0.0
1983,HI,70692.0,0.0,0.0
1983,IA,101248.0,18862.0,0.0
1983,ID,30257.0,10829.0,0.0
1983,IL,643987.0,55517.0,0.0
1983,IN,163676.0,39458.0,0.0
1983,KS,107786.0,14261.0,0.0
1983,KY,90761.0,7170.0,0.0
1983,LA,150652.0,67846.0,0.0
1983,MA,265772.0,0.0,0.0
1983,MD,239180.0,9627.0,0.0
1983,ME,37970.0,5824.0,0.0
1983,MI,515650.0,58350.0,0.0
1983,MN,156840.0,26376.0,0.0
1983,MO,211779.0,15538.0,0.0
1983,MS,60775.0,7913.0,0.0
1983,MT,21330.0,12671.0,0.0
1983,NC,193702.0,69400.0,0.0
1983,ND,14873.0,4127.0,0.0
1983,NE,55135.0,7972.0,0.0
1983,NH,33751.0,131.0,0.0
1983,NJ,433385.0,0.0,0.0
1983,NM,71109.0,7097.0,0.0
1983,NV,57746.0,4903.0,0.0
1983,NY,974675.0,36384.0,0.0
1983,OH,440778.0,66307.0,0.0
1983,OK,147891.0,21289.0,0.0
1983,OR,129765.0,47023.0,0.0
1983,PA,363147.0,79.0,0.0
1983,RI,50498.0,0.0,0.0
1983,SC,102487.0,71739.0,0.0
1983,SD,13334.0,2654.0,0.0
1983,TN,154230.0,28729.0,0.0
1983,TX,865775.0,111156.0,0.0
1983,UT,81728.0,5143.0,0.0
1983,VA,207246.0,34572.0,0.0
1983,VT,3732.0,0.0,0.0
1983,WA,189391.0,87299.0,0.0
1983,WI,174279.0,33310.0,0.0
1983,WV,31129.0,8961.0,0.0
1983,WY,17273.0,4380.0,0.0
1984,AK,25369.0,0.0,0.0
1984,AL,141084.0,23477.0,0.0
1984,AR,68528.0,15864.0,0.0
1984,AZ,187523.0,23322.0,0.0
1984,CA,1451189.0,295673.0,0.0
1984,CO,179019.0,33556.0,0.0
1984,CT,155139.0,0.0,0.0
1984,DC,55693.0,0.0,0.0
1984,DE,27092.0,0.0,0.0
1984,FL,602807.0,226294.0,0.0
1984,GA,230341.0,34851.0,0.0
1984,HI,68147.0,0.0,0.0
1984,IA,99004.0,18596.0,0.0
1984,ID,29565.0,10104.0,0.0
1984,IL,334598.0,52215.0,0.0
1984,IN,155668.0,35010.0,0.0
1984,KS,105522.0,13627.0,0.0
1984,KY,86300.0,8509.0,0.0
1984,LA,154217.0,67494.0,0.0
1984,MA,248959.0,7.0,0.0
1984,MD,238063.0,10088.0,0.0
1984,ME,37628.0,5146.0,0.0
1984,MI,544411.0,66517.0,0.0
1984,MN,153854.0,25702.0,0.0
1984,MO,205488.0,14127.0,0.0
1984,MS,59916.0,9317.0,0.0
1984,MT,23208.0,14699.0,0.0
1984,NC,192980.0,67249.0,0.0
1984,ND,14368.0,3659.0,0.0
1984,NE,51654.0,7450.0,0.0
1984,NH,31404.0,97.0,0.0
1984,NJ,419342.0,55.0,0.0
1984,NM,71754.0,7358.0,0.0
1984,NV,58569.0,4490.0,0.0
1984,NY,928315.0,34400.0,0.0
1984,OH,421707.0,57174.0,0.0
1984,OK,149060.0,19811.0,0.0
1984,OR,132476.0,45736.0,0.0
1984,PA,349738.0,96.0,0.0
1984,RI,49689.0,0.0,0.0
1984,SC,101745.0,73035.0,0.0
1984,SD,13626.0,2691.0,0.0
1984,TN,150399.0,26949.0,0.0
1984,TX,902771.0,119300.0,0.0
1984,UT,78943.0,5140.0,0.0
1984,VA,205156.0,33036.0,0.0
1984,VT,15278.0,110.0,0.0
1984,WA,200887.0,90353.0,0.0
1984,WI,174736.0,32731.0,0.0
1984,WV,30892.0,7591.0,0.0
1984,WY,15697.0,4346.0,0.0
1985,AK,26617.0,0.0,0.0
1985,AL,145844.0,25153.0,0.0
1985,AR,73854.0,16785.0,0.0
1985,AZ,211004.0,25324.0,0.0
1985,CA,1504891.0,309560.0,0.0
1985,CO,196706.0,37425.0,0.0
1985,CT,161567.0,0.0,0.0
1985,DC,52363.0,0.0,0.0
1985,DE,27774.0,0.0,0.0
1985,FL,692693.0,256098.0,0.0
1985,GA,261193.0,45631.0,0.0
1985,HI,66108.0,0.0,0.0
1985,IA,102719.0,18563.0,0.0
1985,ID,31150.0,10821.0,0.0
1985,IL,618314.0,51657.0,0.0
1985,IN,155066.0,33735.0,0.0
1985,KS,107700.0,13655.0,0.0
1985,KY,87557.0,9293.0,0.0
1985,LA,166195.0,73372.0,0.0
1985,MA,257696.0,0.0,0.0
1985,MD,248845.0,11246.0,0.0
1985,ME,40170.0,5474.0,0.0
1985,MI,543426.0,66272.0,0.0
1985,MN,167479.0,26799.0,0.0
1985,MO,210583.0,15305.0,0.0
1985,MS,56454.0,10304.0,0.0
1985,MT,23652.0,13428.0,0.0
1985,NC,201479.0,69376.0,0.0
1985,ND,15253.0,3587.0,0.0
1985,NE,54786.0,7502.0,0.0
1985,NH,34298.0,106.0,0.0
1985,NJ,444674.0,0.0,0.0
1985,NM,77668.0,11073.0,0.0
1985,NV,60939.0,4204.0,0.0
1985,NY,945375.0,35901.0,0.0
1985,OH,414856.0,59784.0,0.0
1985,OK,166056.0,21321.0,0.0
1985,OR,150646.0,41464.0,0.0
1985,PA,344523.0,74.0,0.0
1985,RI,50363.0,0.0,0.0
1985,SC,104278.0,81595.0,0.0
1985,SD,14279.0,2631.0,0.0
1985,TN,163277.0,28332.0,0.0
1985,TX,1020209.0,127751.0,0.0
1985,UT,88405.0,5376.0,0.0
1985,VA,208015.0,32414.0,0.0
1985,VT,17046.0,391.0,0.0
1985,WA,222208.0,98425.0,0.0
1985,WI,166535.0,31544.0,0.0
1985,WV,28731.0,8991.0,0.0
1985,WY,17443.0,4476.0,0.0
1986,AK,28404.0,0.0,0.0
1986,AL,158066.0,27231.0,0.0
1986,AR,82472.0,17782.0,0.0
1986,AZ,239307.0,26037.0,0.0
1986,CA,1656495.0,324545.0,0.0
1986,CO,204474.0,38077.0,0.0
1986,CT,168540.0,0.0,0.0
1986,DC,54323.0,0.0,0.0
1986,DE,27308.0,0.0,0.0
1986,FL,760957.0,292817.0,0.0
1986,GA,289310.0,53433.0,0.0
1986,HI,72166.0,0.0,0.0
1986,IA,108872.0,18764.0,0.0
1986,ID,32809.0,11353.0,0.0
1986,IL,727741.0,53427.0,0.0
1986,IN,154855.0,33941.0,0.0
1986,KS,121914.0,13309.0,0.0
1986,KY,94014.0,10665.0,0.0
1986,LA,180158.0,81911.0,0.0
1986,MA,252015.0,0.0,0.0
1986,MD,263597.0,16097.0,0.0
1986,ME,39094.0,5050.0,0.0
1986,MI,553451.0,70623.0,0.0
1986,MN,178590.0,26593.0,0.0
1986,MO,226492.0,16115.0,0.0
1986,MS,59344.0,10055.0,0.0
1986,MT,21101.0,10788.0,0.0
1986,NC,215133.0,73725.0,0.0
1986,ND,14766.0,3464.0,0.0
1986,NE,57315.0,7780.0,0.0
1986,NH,36321.0,142.0,0.0
1986,NJ,460301.0,0.0,0.0
1986,NM,75576.0,11719.0,0.0
1986,NV,62466.0,3312.0,0.0
1986,NY,977700.0,35500.0,0.0
1986,OH,437253.0,55579.0,0.0
1986,OK,186386.0,22561.0,0.0
1986,OR,161193.0,43671.0,0.0
1986,PA,351838.0,104.0,0.0
1986,RI,52795.0,0.0,0.0
1986,SC,113058.0,88089.0,0.0
1986,SD,16378.0,2751.0,0.0
1986,TN,180088.0,29783.0,0.0
1986,TX,1187521.0,147335.0,0.0
1986,UT,93141.0,5349.0,0.0
1986,VA,216750.0,34219.0,0.0
1986,VT,17677.0,457.0,0.0
1986,WA,238147.0,103596.0,0.0
1986,WI,175870.0,31723.0,0.0
1986,WV,29900.0,10580.0,0.0
1986,WY,19004.0,4638.0,0.0
1987,AK,25054.0,0.0,0.0
1987,AL,165264.0,27512.0,0.0
1987,AR,89233.0,18831.0,0.0
1987,AZ,240404.0,26278.0,0.0
1987,CA,1630039.0,329147.0,0.0
1987,CO,189275.0,35682.0,0.0
1987,CT,175651.0,0.0,0.0
1987,DC,55154.0,0.0,0.0
1987,DE,27583.0,0.0,0.0
1987,FL,820189.0,304219.0,0.0
1987,GA,313030.0,59656.0,0.0
1987,HI,75120.0,0.0,0.0
1987,IA,108269.0,18523.0,0.0
1987,ID,33531.0,11577.0,0.0
1987,IL,652268.0,53701.0,0.0
1987,IN,162303.0,37076.0,0.0
1987,KS,124045.0,12612.0,0.0
1987,KY,92611.0,6083.0,0.0
1987,LA,168539.0,81771.0,0.0
1987,MA,264504.0,0.0,0.0
1987,MD,231408.0,18227.0,0.0
1987,ME,40453.0,4803.0,0.0
1987,MI,557417.0,72239.0,0.0
1987,MN,194412.0,28004.0,0.0
1987,MO,233677.0,15472.0,0.0
1987,MS,60318.0,9549.0,0.0
1987,MT,19181.0,8450.0,0.0
1987,NC,232002.0,78703.0,0.0
1987,ND,16059.0,3709.0,0.0
1987,NE,61326.0,8543.0,0.0
1987,NH,38137.0,207.0,0.0
1987,NJ,464916.0,0.0,0.0
1987,NM,77202.0,11550.0,0.0
1987,NV,63210.0,4094.0,0.0
1987,NY,1021722.0,37673.0,0.0
1987,OH,456645.0,58539.0,0.0
1987,OK,187018.0,20965.0,0.0
1987,OR,163924.0,40591.0,0.0
1987,PA,352781.0,90.0,0.0
1987,RI,57008.0,0.0,0.0
1987,SC,112512.0,86827.0,0.0
1987,SD,16235.0,2699.0,0.0
1987,TN,189467.0,30968.0,0.0
1987,TX,1259370.0,154182.0,0.0
1987,UT,96697.0,4899.0,0.0
1987,VA,228440.0,35244.0,0.0
1987,VT,18343.0,606.0,0.0
1987,WA,244034.0,107309.0,0.0
1987,WI,180232.0,32326.0,0.0
1987,WV,27783.0,10817.0,0.0
1987,WY,17037.0,4342.0,0.0
1988,AK,23033.0,0.0,0.0
1988,AL,167044.0,27955.0,0.0
1988,AR,91886.0,19044.0,0.0
1988,AZ,257756.0,28636.0,0.0
1988,CA,1708807.0,330948.0,0.0
1988,CO,182305.0,34865.0,0.0
1988,CT,181191.0,0.0,0.0
1988,DC,63780.0,0.0,0.0
1988,DE,30267.0,0.0,0.0
1988,FL,0.0,0.0,0.0
1988,GA,357932.0,68292.0,0.0
1988,HI,77720.0,0.0,0.0
1988,IA,108803.0,18920.0,0.0
1988,ID,32229.0,11058.0,0.0
1988,IL,670620.0,55032.0,0.0
1988,IN,173129.0,38306.0,0.0
1988,KS,126691.0,11421.0,0.0
1988,KY,0.0,0.0,0.0
1988,LA,160535.0,79094.0,0.0
1988,MA,268281.0,0.0,0.0
1988,MD,276391.0,20007.0,0.0
1988,ME,42512.0,4695.0,0.0
1988,MI,527801.0,71083.0,0.0
1988,MN,184960.0,27485.0,0.0
1988,MO,246844.0,17563.0,0.0
1988,MS,66039.0,8183.0,0.0
1988,MT,21761.0,11280.0,0.0
1988,NC,245979.0,84892.0,0.0
1988,ND,15375.0,3369.0,0.0
1988,NE,62963.0,8221.0,0.0
1988,NH,37539.0,223.0,0.0
1988,NJ,476448.0,0.0,0.0
1988,NM,83372.0,6401.0,0.0
1988,NV,65605.0,5483.0,0.0
1988,NY,1086509.0,38163.0,0.0
1988,OH,443903.0,60805.0,0.0
1988,OK,175479.0,20523.0,0.0
1988,OR,167565.0,41835.0,0.0
1988,PA,359757.0,74.0,0.0
1988,RI,56964.0,0.0,0.0
1988,SC,124190.0,95125.0,0.0
1988,SD,12606.0,2744.0,0.0
1988,TN,183658.0,30286.0,0.0
1988,TX,1323625.0,160849.0,0.0
1988,UT,97539.0,5046.0,0.0
1988,VA,245836.0,38296.0,0.0
1988,VT,18272.0,622.0,0.0
1988,WA,249679.0,113970.0,0.0
1988,WI,179666.0,31439.0,0.0
1988,WV,28800.0,11744.0,0.0
1988,WY,16700.0,4462.0,0.0
1989,AK,23041.0,0.0,0.0
1989,AL,177595.0,27883.0,0.0
1989,AR,99665.0,20683.0,0.0
1989,AZ,276216.0,29758.0,0.0
1989,CA,1817841.0,336688.0,39441.0
1989,CO,182077.0,34818.0,0.0
1989,CT,187222.0,0.0,0.0
1989,DC,64697.0,0.0,0.0
1989,DE,31827.0,0.0,0.0
1989,FL,796361.0,312815.0,0.0
1989,GA,405349.0,81449.0,0.0
1989,HI,20278.0,0.0,0.0
1989,IA,110635.0,19219.0,0.0
1989,ID,33264.0,11257.0,0.0
1989,IL,679799.0,55881.0,0.0
1989,IN,172807.0,39235.0,0.0
1989,KS,132568.0,13783.0,0.0
1989,KY,95344.0,5149.0,0.0
1989,LA,176732.0,82846.0,0.0
1989,MA,251414.0,0.0,0.0
1989,MD,273915.0,20273.0,0.0
1989,ME,42967.0,5471.0,0.0
1989,MI,514342.0,71232.0,0.0
1989,MN,192274.0,27182.0,0.0
1989,MO,266257.0,23201.0,0.0
1989,MS,68584.0,7734.0,0.0
1989,MT,22541.0,9431.0,0.0
1989,NC,268365.0,88550.0,0.0
1989,ND,14731.0,3069.0,0.0
1989,NE,62403.0,9002.0,0.0
1989,NH,41876.0,150.0,0.0
1989,NJ,479952.0,0.0,0.0
1989,NM,86109.0,5893.0,0.0
1989,NV,65878.0,6305.0,0.0
1989,NY,1096725.0,40613.0,0.0
1989,OH,491160.0,58564.0,0.0
1989,OK,172105.0,20856.0,0.0
1989,OR,153635.0,38548.0,0.0
1989,PA,389209.0,81.0,0.0
1989,RI,60301.0,0.0,0.0
1989,SC,130043.0,101365.0,0.0
1989,SD,15466.0,3058.0,0.0
1989,TN,188980.0,31201.0,0.0
1989,TX,1343912.0,157527.0,0.0
1989,UT,97946.0,5307.0,0.0
1989,VA,253439.0,41376.0,0.0
1989,VT,17281.0,549.0,0.0
1989,WA,244221.0,112151.0,0.0
1989,WI,199963.0,34331.0,0.0
1989,WV,30408.0,13591.0,0.0
1989,WY,17086.0,4270.0,0.0
1990,AK,25139.0,0.0,0.0
1990,AL,172729.0,25682.0,0.0
1990,AR,105023.0,20996.0,0.0
1990,AZ,291576.0,31053.0,0.0
1990,CA,1834773.0,314060.0,44880.0
1990,CO,184252.0,35088.0,0.0
1990,CT,195037.0,0.0,0.0
1990,DC,68983.0,0.0,0.0
1990,DE,35904.0,0.0,0.0
1990,FL,873989.0,349944.0,0.0
1990,GA,377339.0,73039.0,0.0
1990,HI,79397.0,0.0,0.0
1990,IA,109789.0,18484.0,0.0
1990,ID,34783.0,11433.0,0.0
1990,IL,801563.0,57875.0,0.0
1990,IN,173082.0,41997.0,0.0
1990,KS,142660.0,14435.0,0.0
1990,KY,103120.0,8811.0,0.0
1990,LA,186263.0,83269.0,0.0
1990,MA,253160.0,0.0,0.0
1990,MD,295351.0,22105.0,0.0
1990,ME,45110.0,6126.0,0.0
1990,MI,526493.0,77625.0,0.0
1990,MN,154707.0,29699.0,0.0
1990,MO,267920.0,24951.0,0.0
1990,MS,74633.0,8494.0,0.0
1990,MT,24982.0,12399.0,0.0
1990,NC,288192.0,94513.0,0.0
1990,ND,14845.0,1599.0,0.0
1990,NE,65051.0,10162.0,0.0
1990,NH,43815.0,149.0,0.0
1990,NJ,495784.0,0.0,0.0
1990,NM,84796.0,5786.0,0.0
1990,NV,71085.0,4762.0,0.0
1990,NY,1110591.0,42023.0,0.0
1990,OH,515196.0,58843.0,0.0
1990,OK,174478.0,19701.0,0.0
1990,OR,144441.0,37618.0,0.0
1990,PA,407549.0,109.0,0.0
1990,RI,63174.0,0.0,0.0
1990,SC,138586.0,104972.0,0.0
1990,SD,17765.0,4057.0,0.0
1990,TN,213518.0,32380.0,0.0
1990,TX,1348508.0,161008.0,0.0
1990,UT,104384.0,5578.0,0.0
1990,VA,275844.0,42129.0,0.0
1990,VT,17260.0,693.0,0.0
1990,WA,245370.0,111841.0,0.0
1990,WI,211889.0,36629.0,0.0
1990,WV,30849.0,15418.0,0.0
1990,WY,18128.0,4179.0,0.0
1991,AK,27140.0,0.0,0.0
1991,AL,171314.0,28617.0,0.0
1991,AR,113255.0,22710.0,0.0
1991,AZ,284082.0,29572.0,0.0
1991,CA,1921539.0,320070.0,48159.0
1991,CO,188749.0,36434.0,0.0
1991,CT,194662.0,0.0,0.0
1991,DC,69048.0,0.0,0.0
1991,DE,26646.0,0.0,0.0
1991,FL,891744.0,387449.0,0.0
1991,GA,378106.0,67465.0,0.0
1991,HI,78976.0,0.0,0.0
1991,IA,0.0,0.0,0.0
1991,ID,37111.0,12088.0,0.0
1991,IL,746722.0,57354.0,0.0
1991,IN,190054.0,42600.0,0.0
1991,KS,150031.0,15414.0,0.0
1991,KY,103452.0,10259.0,0.0
1991,LA,182682.0,80301.0,0.0
1991,MA,253012.0,0.0,0.0
1991,MD,315757.0,24919.0,0.0
1991,ME,45668.0,6847.0,0.0
1991,MI,541721.0,81343.0,0.0
1991,MN,194647.0,30354.0,0.0
1991,MO,279672.0,21322.0,0.0
1991,MS,79284.0,8961.0,0.0
1991,MT,13954.0,6647.0,0.0
1991,NC,304536.0,108015.0,0.0
1991,ND,14571.0,3137.0,0.0
1991,NE,68239.0,10797.0,0.0
1991,NH,40639.0,44.0,0.0
1991,NJ,495996.0,36.0,0.0
1991,NM,84917.0,6555.0,0.0
1991,NV,78471.0,4690.0,0.0
1991,NY,1094920.0,43729.0,0.0
1991,OH,532546.0,58997.0,0.0
1991,OK,178488.0,19934.0,0.0
1991,OR,148124.0,40325.0,0.0
1991,PA,403779.0,113.0,0.0
1991,RI,59300.0,0.0,0.0
1991,SC,115274.0,101897.0,0.0
1991,SD,20006.0,4139.0,0.0
1991,TN,227686.0,30635.0,0.0
1991,TX,1391284.0,168797.0,0.0
1991,UT,106534.0,5420.0,0.0
1991,VA,291121.0,43911.0,0.0
1991,VT,13684.0,484.0,0.0
1991,WA,252924.0,114357.0,0.0
1991,WI,216038.0,37200.0,0.0
1991,WV,32846.0,16690.0,0.0
1991,WY,19295.0,4656.0,0.0
1992,AK,29913.0,0.0,0.0
1992,AL,165347.0,25346.0,0.0
1992,AR,108036.0,21628.0,0.0
1992,AZ,270763.0,29081.0,0.0
1992,CA,1964485.0,319948.0,48119.0
1992,CO,184309.0,35761.0,0.0
1992,CT,182543.0,0.0,0.0
1992,DC,75624.0,0.0,0.0
1992,DE,28111.0,0.0,0.0
1992,FL,891498.0,397483.0,0.0
1992,GA,389921.0,68929.0,0.0
1992,HI,82669.0,0.0,0.0
1992,IA,68960.0,10696.0,0.0
1992,ID,36235.0,11044.0,0.0
1992,IL,782602.0,47081.0,0.0
1992,IN,195975.0,45102.0,0.0
1992,KS,152014.0,16773.0,0.0
1992,KY,104855.0,10038.0,20272.0
1992,LA,187357.0,82177.0,0.0
1992,MA,263590.0,0.0,0.0
1992,MD,320086.0,22504.0,0.0
1992,ME,43144.0,6239.0,0.0
1992,MI,505604.0,78278.0,0.0
1992,MN,209277.0,32314.0,0.0
1992,MO,270574.0,24832.0,0.0
1992,MS,81605.0,8754.0,0.0
1992,MT,21423.0,10947.0,0.0
1992,NC,315846.0,108089.0,0.0
1992,ND,17236.0,3483.0,0.0
1992,NE,60347.0,10740.0,0.0
1992,NH,36773.0,62.0,0.0
1992,NJ,473557.0,0.0,0.0
1992,NM,80982.0,6992.0,0.0
1992,NV,79753.0,6611.0,0.0
1992,NY,1026817.0,42948.0,0.0
1992,OH,493313.0,58989.0,0.0
1992,OK,176333.0,18367.0,0.0
1992,OR,152976.0,41029.0,0.0
1992,PA,392536.0,126.0,0.0
1992,RI,54379.0,0.0,0.0
1992,SC,135180.0,124743.0,0.0
1992,SD,18896.0,4649.0,0.0
1992,TN,231647.0,25562.0,0.0
1992,TX,1304823.0,165996.0,0.0
1992,UT,110487.0,6834.0,0.0
1992,VA,278182.0,43314.0,0.0
1992,VT,10815.0,223.0,0.0
1992,WA,265346.0,111874.0,0.0
1992,WI,212700.0,36300.0,0.0
1992,WV,33502.0,16383.0,0.0
1992,WY,20208.0,4819.0,0.0
1993,AK,30456.0,0.0,0.0
1993,AL,195458.0,36219.0,0.0
1993,AR,111210.0,22354.0,0.0
1993,AZ,291045.0,33124.0,0.0
1993,CA,1916100.0,324749.0,50949.0
1993,CO,182699.0,33717.0,0.0
1993,CT,167337.0,0.0,0.0
1993,DC,67946.0,0.0,0.0
1993,DE,23989.0,0.0,0.0
1993,FL,906537.0,390000.0,0.0
1993,GA,385415.0,70011.0,0.0
1993,HI,86236.0,0.0,0.0
1993,IA,83239.0,15808.0,0.0
1993,ID,39845.0,13511.0,0.0
1993,IL,510227.0,16385.0,0.0
1993,IN,187245.0,44637.0,0.0
1993,KS,56526.0,0.0,0.0
1993,KY,106952.0,10124.0,18483.0
1993,LA,201596.0,91364.0,0.0
1993,MA,269476.0,0.0,0.0
1993,MD,319789.0,23224.0,0.0
1993,ME,39540.0,6554.0,0.0
1993,MI,494405.0,75154.0,0.0
1993,MN,208266.0,33206.0,0.0
1993,MO,276780.0,22358.0,0.0
1993,MS,84056.0,9676.0,0.0
1993,MT,2787.0,9366.0,0.0
1993,NC,319629.0,105626.0,0.0
1993,ND,17074.0,3484.0,0.0
1993,NE,67822.0,10226.0,0.0
1993,NH,35114.0,126.0,0.0
1993,NJ,458233.0,0.0,0.0
1993,NM,78561.0,6789.0,0.0
1993,NV,82398.0,7400.0,0.0
1993,NY,977740.0,42181.0,0.0
1993,OH,456793.0,55517.0,0.0
1993,OK,174618.0,18366.0,0.0
1993,OR,155979.0,42053.0,0.0
1993,PA,377011.0,211.0,0.0
1993,RI,53517.0,0.0,0.0
1993,SC,140291.0,127948.0,0.0
1993,SD,18355.0,4083.0,0.0
1993,TN,240589.0,32056.0,0.0
1993,TX,1239468.0,165614.0,0.0
1993,UT,106081.0,6329.0,0.0
1993,VA,272940.0,42544.0,0.0
1993,VT,7526.0,0.0,0.0
1993,WA,265761.0,103997.0,0.0
1993,WI,204973.0,33486.0,0.0
1993,WV,35390.0,15762.0,0.0
1993,WY,19233.0,4639.0,0.0
1994,AK,32562.0,0.0,0.0
1994,AL,201952.0,38737.0,0.0
1994,AR,112637.0,23600.0,0.0
1994,AZ,319243.0,40603.0,0.0
1994,CA,1842502.0,327113.0,52184.0
1994,CO,177425.0,34686.0,0.0
1994,CT,163087.0,0.0,0.0
1994,DC,63146.0,0.0,0.0
1994,DE,22961.0,0.0,0.0
1994,FL,915062.0,406675.0,0.0
1994,GA,391692.0,69053.0,0.0
1994,HI,91471.0,0.0,0.0
1994,IA,87097.0,16053.0,0.0
1994,ID,44897.0,14568.0,0.0
1994,IL,522902.0,14905.0,0.0
1994,IN,185495.0,45167.0,0.0
1994,KS,38764.0,0.0,0.0
1994,KY,115429.0,11976.0,19349.0
1994,LA,209911.0,103037.0,0.0
1994,MA,260969.0,0.0,0.0
1994,MD,326679.0,26138.0,0.0
1994,ME,41265.0,6898.0,0.0
1994,MI,475849.0,73155.0,0.0
1994,MN,208492.0,33251.0,0.0
1994,MO,287774.0,25782.0,0.0
1994,MS,93481.0,8866.0,0.0
1994,MT,0.0,0.0,0.0
1994,NC,324362.0,113375.0,0.0
1994,ND,17341.0,3354.0,0.0
1994,NE,74006.0,10513.0,0.0
1994,NH,32658.0,258.0,0.0
1994,NJ,447734.0,0.0,0.0
1994,NM,91944.0,6679.0,0.0
1994,NV,98604.0,10875.0,0.0
1994,NY,983878.0,42141.0,0.0
1994,OH,482085.0,58255.0,0.0
1994,OK,184921.0,19128.0,0.0
1994,OR,172606.0,45971.0,0.0
1994,PA,384256.0,227.0,0.0
1994,RI,49759.0,0.0,0.0
1994,SC,148581.0,135658.0,0.0
1994,SD,18688.0,3609.0,0.0
1994,TN,232804.0,32327.0,0.0
1994,TX,1170686.0,167147.0,0.0
1994,UT,111944.0,6818.0,0.0
1994,VA,272122.0,43277.0,0.0
1994,VT,13051.0,0.0,0.0
1994,WA,276939.0,112362.0,0.0
1994,WI,199445.0,33129.0,0.0
1994,WV,35026.0,15127.0,0.0
1994,WY,19526.0,5018.0,0.0
1995,AK,29779.0,0.0,0.0
1995,AL,213507.0,40311.0,0.0
1995,AR,112658.0,24540.0,0.0
1995,AZ,346655.0,39679.0,0.0
1995,CA,1722335.0,310287.0,51051.0
1995,CO,179644.0,37032.0,0.0
1995,CT,160062.0,0.0,0.0
1995,DC,74413.0,0.0,0.0
1995,DE,11088.0,0.0,0.0
1995,FL,881207.0,397016.0,0.0
1995,GA,392651.0,73787.0,0.0
1995,HI,98777.0,0.0,0.0
1995,IA,98526.0,18829.0,0.0
1995,ID,49961.0,15940.0,0.0
1995,IL,302815.0,0.0,0.0
1995,IN,194321.0,47527.0,0.0
1995,KS,53818.0,0.0,0.0
1995,KY,115127.0,11944.0,20273.0
1995,LA,214828.0,107930.0,0.0
1995,MA,263421.0,0.0,0.0
1995,MD,341387.0,28057.0,0.0
1995,ME,41296.0,7050.0,0.0
1995,MI,459574.0,75229.0,0.0
1995,MN,214887.0,35835.0,0.0
1995,MO,280830.0,24929.0,0.0
1995,MS,88893.0,7737.0,0.0
1995,MT,4888.0,1883.0,0.0
1995,NC,332558.0,122032.0,0.0
1995,ND,17751.0,3315.0,0.0
1995,NE,75722.0,11383.0,0.0
1995,NH,29061.0,199.0,0.0
1995,NJ,452428.0,0.0,0.0
1995,NM,94553.0,5505.0,0.0
1995,NV,102936.0,11669.0,0.0
1995,NY,876115.0,41100.0,0.0
1995,OH,462333.0,57980.0,0.0
1995,OK,186562.0,20594.0,0.0
1995,OR,178131.0,46843.0,0.0
1995,PA,367911.0,180.0,0.0
1995,RI,50737.0,0.0,0.0
1995,SC,153858.0,137134.0,0.0
1995,SD,20039.0,3533.0,0.0
1995,TN,247777.0,37272.0,0.0
1995,TX,1167883.0,169733.0,0.0
1995,UT,127917.0,7413.0,0.0
1995,VA,276710.0,43067.0,0.0
1995,VT,15852.0,0.0,0.0
1995,WA,275391.0,120548.0,0.0
1995,WI,196626.0,32818.0,0.0
1995,WV,33657.0,14917.0,0.0
1995,WY,19723.0,5327.0,0.0
1996,AK,28199.0,0.0,0.0
1996,AL,222681.0,41609.0,0.0
1996,AR,114748.0,24518.0,0.0
1996,AZ,315203.0,34317.0,0.0
1996,CA,1609901.0,278683.0,45619.0
1996,CO,172278.0,35106.0,0.0
1996,CT,150908.0,0.0,0.0
1996,DC,71219.0,0.0,0.0
1996,DE,21256.0,0.0,0.0
1996,FL,397663.0,202881.0,0.0
1996,GA,408297.0,91013.0,0.0
1996,HI,90887.0,0.0,0.0
1996,IA,90645.0,16349.0,0.0
1996,ID,47729.0,14012.0,0.0
1996,IL,304481.0,0.0,0.0
1996,IN,189979.0,44462.0,0.0
1996,KS,50190.0,0.0,0.0
1996,KY,70966.0,375.0,0.0
1996,LA,205666.0,111621.0,0.0
1996,MA,253578.0,0.0,0.0
1996,MD,336421.0,28684.0,0.0
1996,ME,42566.0,7023.0,0.0
1996,MI,449107.0,75628.0,0.0
1996,MN,218944.0,34477.0,0.0
1996,MO,276098.0,25270.0,0.0
1996,MS,95636.0,8355.0,0.0
1996,MT,0.0,0.0,0.0
1996,NC,336210.0,119268.0,0.0
1996,ND,15182.0,3123.0,0.0
1996,NE,74539.0,10775.0,0.0
1996,NH,33913.0,124.0,0.0
1996,NJ,422737.0,119.0,0.0
1996,NM,106334.0,4635.0,0.0
1996,NV,105762.0,11469.0,0.0
1996,NY,751785.0,41120.0,0.0
1996,OH,455053.0,54984.0,0.0
1996,OK,192952.0,21526.0,0.0
1996,OR,166536.0,43584.0,0.0
1996,PA,370015.0,236.0,0.0
1996,RI,48812.0,0.0,0.0
1996,SC,160563.0,143107.0,0.0
1996,SD,18945.0,3588.0,0.0
1996,TN,262561.0,29370.0,0.0
1996,TX,1196842.0,176507.0,0.0
1996,UT,126913.0,8503.0,0.0
1996,VA,276742.0,46246.0,0.0
1996,VT,13596.0,268.0,0.0
1996,WA,271484.0,111573.0,0.0
1996,WI,193176.0,33220.0,0.0
1996,WV,34735.0,13948.0,0.0
1996,WY,19758.0,5096.0,0.0
1997,AK,25929.0,0.0,0.0
1997,AL,219239.0,42073.0,0.0
1997,AR,114214.0,26368.0,0.0
1997,AZ,325395.0,34839.0,0.0
1997,CA,1528349.0,262472.0,50196.0
1997,CO,169333.0,35826.0,0.0
1997,CT,140880.0,0.0,0.0
1997,DC,59191.0,0.0,0.0
1997,DE,33042.0,0.0,0.0
1997,FL,854926.0,418315.0,0.0
1997,GA,376660.0,91081.0,0.0
1997,HI,84022.0,0.0,0.0
1997,IA,93324.0,16848.0,0.0
1997,ID,47242.0,14771.0,0.0
1997,IL,299179.0,0.0,0.0
1997,IN,195893.0,44338.0,0.0
1997,KS,51420.0,0.0,0.0
1997,KY,71007.0,434.0,0.0
1997,LA,197261.0,110838.0,0.0
1997,MA,246812.0,0.0,0.0
1997,MD,315744.0,27554.0,0.0
1997,ME,39987.0,6278.0,0.0
1997,MI,445506.0,72004.0,0.0
1997,MN,217577.0,34597.0,0.0
1997,MO,267530.0,25846.0,0.0
1997,MS,93192.0,9887.0,0.0
1997,MT,15907.0,8844.0,0.0
1997,NC,341398.0,124642.0,0.0
1997,ND,16353.0,3270.0,0.0
1997,NE,72029.0,10668.0,0.0
1997,NH,7084.0,0.0,0.0
1997,NJ,401233.0,0.0,0.0
1997,NM,107982.0,12505.0,0.0
1997,NV,102129.0,12429.0,0.0
1997,NY,669035.0,40298.0,0.0
1997,OH,388695.0,56642.0,0.0
1997,OK,190405.0,21761.0,0.0
1997,OR,179400.0,47666.0,0.0
1997,PA,355601.0,237.0,0.0
1997,RI,45309.0,0.0,0.0
1997,SC,162593.0,148745.0,0.0
1997,SD,14671.0,3090.0,0.0
1997,TN,259509.0,37444.0,0.0
1997,TX,1163117.0,178910.0,0.0
1997,UT,131550.0,8479.0,0.0
1997,VA,278320.0,49383.0,0.0
1997,VT,0.0,0.0,0.0
1997,WA,277034.0,102399.0,0.0
1997,WI,187732.0,32210.0,0.0
1997,WV,33982.0,15548.0,0.0
1997,WY,19740.0,5053.0,0.0
1998,AK,23140.0,0.0,0.0
1998,AL,209500.0,43665.0,0.0
1998,AR,105454.0,25172.0,0.0
1998,AZ,313147.0,33760.0,0.0
1998,CA,1392594.0,236132.0,43881.0
1998,CO,156824.0,32868.0,0.0
1998,CT,133929.0,0.0,0.0
1998,DC,52955.0,0.0,0.0
1998,DE,38969.0,0.0,0.0
1998,FL,827895.0,404742.0,0.0
1998,GA,373314.0,91351.0,0.0
1998,HI,75595.0,0.0,0.0
1998,IA,90941.0,15450.0,0.0
1998,ID,46067.0,14235.0,0.0
1998,IL,290280.0,0.0,0.0
1998,IN,206861.0,26800.0,0.0
1998,KS,50965.0,0.0,0.0
1998,KY,71779.0,433.0,0.0
1998,LA,188334.0,113949.0,0.0
1998,MA,227517.0,11.0,0.0
1998,MD,305894.0,27833.0,0.0
1998,ME,38078.0,6420.0,0.0
1998,MI,470985.0,74206.0,0.0
1998,MN,196250.0,33632.0,0.0
1998,MO,269971.0,25507.0,0.0
1998,MS,92200.0,12079.0,0.0
1998,MT,5090.0,4718.0,0.0
1998,NC,333695.0,126000.0,0.0
1998,ND,16040.0,3364.0,0.0
1998,NE,73806.0,11315.0,0.0
1998,NH,19789.0,6.0,0.0
1998,NJ,368257.0,5.0,0.0
1998,NM,102639.0,13693.0,0.0
1998,NV,102517.0,11351.0,0.0
1998,NY,604005.0,39983.0,0.0
1998,OH,387667.0,57939.0,0.0
1998,OK,176488.0,21606.0,0.0
1998,OR,162793.0,45114.0,0.0
1998,PA,378162.0,139.0,0.0
1998,RI,43260.0,0.0,0.0
1998,SC,158838.0,145626.0,0.0
1998,SD,14566.0,4069.0,0.0
1998,TN,258384.0,45164.0,0.0
1998,TX,1114115.0,174600.0,0.0
1998,UT,121448.0,7962.0,0.0
1998,VA,264988.0,47897.0,0.0
1998,VT,15361.0,476.0,0.0
1998,WA,283279.0,104316.0,0.0
1998,WI,71700.0,0.0,0.0
1998,WV,32942.0,17199.0,0.0
1998,WY,18363.0,4493.0,0.0
1999,AK,24746.0,0.0,0.0
1999,AL,208706.0,41570.0,0.0
1999,AR,101408.0,23280.0,0.0
1999,AZ,292970.0,32005.0,0.0
1999,CA,1253498.0,203796.0,38750.0
1999,CO,151382.0,28511.0,0.0
1999,CT,122607.0,0.0,0.0
1999,DC,48466.0,0.0,0.0
1999,DE,35165.0,0.0,0.0
1999,FL,735730.0,385481.0,0.0
1999,GA,355575.0,89089.0,0.0
1999,HI,68093.0,0.0,0.0
1999,IA,93646.0,13858.0,0.0
1999,ID,40809.0,12884.0,0.0
1999,IL,266856.0,0.0,0.0
1999,IN,189000.0,26371.0,0.0
1999,KS,46259.0,0.0,0.0
1999,KY,65088.0,1176.0,0.0
1999,LA,176087.0,114979.0,0.0
1999,MA,230318.0,0.0,0.0
1999,MD,197784.0,26875.0,0.0
1999,ME,35815.0,6220.0,0.0
1999,MI,417534.0,74223.0,0.0
1999,MN,180312.0,30258.0,0.0
1999,MO,259458.0,25757.0,0.0
1999,MS,96892.0,15729.0,0.0
1999,MT,15069.0,3610.0,0.0
1999,NC,330909.0,118858.0,0.0
1999,ND,14983.0,3165.0,0.0
1999,NE,69883.0,10449.0,0.0
1999,NH,20439.0,121.0,0.0
1999,NJ,346384.0,0.0,0.0
1999,NM,95796.0,14422.0,0.0
1999,NV,97604.0,10115.0,0.0
1999,NY,527058.0,36900.0,0.0
1999,OH,402781.0,60883.0,0.0
1999,OK,165265.0,20166.0,0.0
1999,OR,148205.0,40268.0,0.0
1999,PA,367014.0,101.0,0.0
1999,RI,43593.0,0.0,0.0
1999,SC,152405.0,139251.0,0.0
1999,SD,15703.0,4221.0,0.0
1999,TN,264870.0,64916.0,0.0
1999,TX,1108465.0,171201.0,0.0
1999,UT,116779.0,7692.0,0.0
1999,VA,234438.0,51380.0,0.0
1999,VT,14610.0,299.0,0.0
1999,WA,263797.0,91578.0,0.0
1999,WI,170315.0,28625.0,0.0
1999,WV,26239.0,15349.0,0.0
1999,WY,16675.0,4360.0,0.0
2000,AK,24454.0,0.0,0.0
2000,AL,185241.0,39451.0,0.0
2000,AR,106834.0,23587.0,0.0
2000,AZ,310579.0,35949.0,0.0
2000,CA,1263573.0,209936.0,37731.0
2000,CO,151070.0,30364.0,0.0
2000,CT,124774.0,0.0,0.0
2000,DC,48894.0,0.0,0.0
2000,DE,33796.0,0.0,0.0
2000,FL,718779.0,376319.0,0.0
2000,GA,339344.0,86442.0,0.0
2000,HI,74670.0,0.0,0.0
2000,IA,98963.0,14387.0,0.0
2000,ID,42560.0,13285.0,0.0
2000,IL,250004.0,0.0,0.0
2000,IN,193765.0,29722.0,0.0
2000,KS,111967.0,16506.0,0.0
2000,KY,61310.0,1263.0,0.0
2000,LA,167448.0,108376.0,0.0
2000,MA,230695.0,0.0,0.0
2000,MD,282401.0,28751.0,0.0
2000,ME,34618.0,5839.0,0.0
2000,MI,411550.0,74527.0,0.0
2000,MN,177837.0,29650.0,0.0
2000,MO,257545.0,26086.0,0.0
2000,MS,98929.0,18809.0,0.0
2000,MT,16708.0,6819.0,0.0
2000,NC,322591.0,126826.0,0.0
2000,ND,14766.0,2829.0,0.0
2000,NE,72873.0,9803.0,0.0
2000,NH,28331.0,171.0,0.0
2000,NJ,333815.0,0.0,0.0
2000,NM,98992.0,14312.0,0.0
2000,NV,100425.0,10606.0,0.0
2000,NY,529608.0,38478.0,0.0
2000,OH,424920.0,57229.0,0.0
2000,OK,166137.0,18847.0,0.0
2000,OR,148306.0,38472.0,0.0
2000,PA,356962.0,90.0,0.0
2000,RI,45164.0,0.0,0.0
2000,SC,151900.0,142742.0,0.0
2000,SD,16450.0,3457.0,0.0
2000,TN,293130.0,79671.0,0.0
2000,TX,1141496.0,176107.0,0.0
2000,UT,104659.0,7636.0,0.0
2000,VA,234363.0,50034.0,0.0
2000,VT,15041.0,245.0,0.0
2000,WA,265516.0,90623.0,0.0
2000,WI,165288.0,26285.0,0.0
2000,WV,33039.0,16926.0,0.0
2000,WY,16493.0,4470.0,0.0
2001,AK,26393.0,0.0,0.0
2001,AL,177136.0,42741.0,0.0
2001,AR,104129.0,23290.0,0.0
2001,AZ,329817.0,39391.0,0.0
2001,CA,1342114.0,216030.0,39674.0
2001,CO,158468.0,33339.0,0.0
2001,CT,125706.0,0.0,0.0
2001,DC,52197.0,0.0,0.0
2001,DE,31884.0,0.0,0.0
2001,FL,725483.0,389321.0,0.0
2001,GA,339885.0,91778.0,0.0
2001,HI,77768.0,0.0,0.0
2001,IA,98826.0,14426.0,0.0
2001,ID,42670.0,13401.0,0.0
2001,IL,240038.0,0.0,0.0
2001,IN,209847.0,31655.0,0.0
2001,KS,119042.0,15948.0,0.0
2001,KY,68818.0,2108.0,0.0
2001,LA,180727.0,104982.0,0.0
2001,MA,238946.0,0.0,0.0
2001,MD,291394.0,27702.0,0.0
2001,ME,35535.0,6501.0,0.0
2001,MI,411385.0,78565.0,0.0
2001,MN,179926.0,29358.0,0.0
2001,MO,266808.0,37190.0,0.0
2001,MS,100280.0,19452.0,0.0
2001,MT,17458.0,8296.0,0.0
2001,NC,333396.0,131778.0,0.0
2001,ND,15269.0,2901.0,0.0
2001,NE,76123.0,9004.0,0.0
2001,NH,29577.0,123.0,0.0
2001,NJ,342547.0,78.0,0.0
2001,NM,97533.0,13762.0,0.0
2001,NV,106242.0,10790.0,0.0
2001,NY,496851.0,35382.0,0.0
2001,OH,477867.0,69299.0,0.0
2001,OK,168884.0,20399.0,0.0
2001,OR,155428.0,40794.0,0.0
2001,PA,337594.0,109.0,0.0
2001,RI,48581.0,0.0,0.0
2001,SC,146025.0,144473.0,0.0
2001,SD,15538.0,3541.0,0.0
2001,TN,317011.0,85818.0,0.0
2001,TX,1206899.0,185143.0,0.0
2001,UT,107761.0,6962.0,0.0
2001,VA,245365.0,51819.0,0.0
2001,VT,13706.0,387.0,0.0
2001,WA,271562.0,91299.0,0.0
2001,WI,174212.0,29118.0,0.0
2001,WV,28792.0,16811.0,0.0
2001,WY,17267.0,4744.0,0.0
2002,AK,27879.0,0.0,0.0
2002,AL,198560.0,48397.0,0.0
2002,AR,109343.0,20985.0,0.0
2002,AZ,350015.0,43005.0,0.0
2002,CA,1372750.0,223566.0,42656.0
2002,CO,171624.0,32183.0,0.0
2002,CT,123816.0,0.0,0.0
2002,DC,51806.0,0.0,0.0
2002,DE,31336.0,0.0,0.0
2002,FL,713397.0,385380.0,0.0
2002,GA,336036.0,99001.0,0.0
2002,HI,87478.0,0.0,0.0
2002,IA,104283.0,16113.0,0.0
2002,ID,43961.0,13869.0,0.0
2002,IL,236692.0,0.0,0.0
2002,IN,211362.0,31708.0,0.0
2002,KS,118952.0,15170.0,0.0
2002,KY,69205.0,3045.0,879.0
2002,LA,163272.0,105639.0,0.0
2002,MA,238161.0,0.0,0.0
2002,MD,283579.0,29582.0,0.0
2002,ME,35186.0,6429.0,0.0
2002,MI,396719.0,80197.0,0.0
2002,MN,182427.0,31877.0,0.0
2002,MO,271910.0,41999.0,0.0
2002,MS,95114.0,21245.0,0.0
2002,MT,19217.0,9341.0,0.0
2002,NC,319772.0,128300.0,0.0
2002,ND,15258.0,2471.0,0.0
2002,NE,76335.0,10303.0,0.0
2002,NH,32249.0,99.0,0.0
2002,NJ,326392.0,0.0,0.0
2002,NM,92293.0,12655.0,0.0
2002,NV,115557.0,11164.0,0.0
2002,NY,533106.0,34622.0,0.0
2002,OH,483198.0,72008.0,0.0
2002,OK,176592.0,20336.0,0.0
2002,OR,153559.0,37670.0,0.0
2002,PA,342891.0,104.0,0.0
2002,RI,47297.0,0.0,0.0
2002,SC,143511.0,136426.0,0.0
2002,SD,16204.0,3590.0,0.0
2002,TN,312346.0,91460.0,0.0
2002,TX,1231033.0,198933.0,0.0
2002,UT,117165.0,7710.0,0.0
2002,VA,254432.0,51513.0,0.0
2002,VT,13492.0,411.0,0.0
2002,WA,270596.0,90442.0,0.0
2002,WI,171982.0,27608.0,0.0
2002,WV,26071.0,17568.0,0.0
2002,WY,17733.0,4879.0,0.0
2003,AK,27944.0,0.0,0.0
2003,AL,209745.0,50030.0,0.0
2003,AR,107877.0,18712.0,0.0
2003,AZ,343131.0,43099.0,0.0
2003,CA,1396388.0,227274.0,47808.0
2003,CO,170670.0,31911.0,0.0
2003,CT,121741.0,0.0,0.0
2003,DC,48279.0,0.0,0.0
2003,DE,31748.0,0.0,0.0
2003,FL,703124.0,376532.0,0.0
2003,GA,351667.0,98136.0,0.0
2003,HI,82785.0,0.0,0.0
2003,IA,99787.0,14578.0,0.0
2003,ID,44823.0,14067.0,0.0
2003,IL,227223.0,0.0,0.0
2003,IN,211737.0,32632.0,0.0
2003,KS,110192.0,16528.0,0.0
2003,KY,71060.0,3269.0,913.0
2003,LA,157476.0,106169.0,0.0
2003,MA,237771.0,0.0,0.0
2003,MD,266646.0,29862.0,0.0
2003,ME,34671.0,6551.0,0.0
2003,MI,385881.0,79411.0,0.0
2003,MN,163973.0,31580.0,0.0
2003,MO,276708.0,41472.0,0.0
2003,MS,91328.0,22350.0,0.0
2003,MT,19525.0,8669.0,0.0
2003,NC,325480.0,119818.0,0.0
2003,ND,13343.0,2740.0,0.0
2003,NE,74886.0,9318.0,0.0
2003,NH,30744.0,120.0,0.0
2003,NJ,316275.0,200.0,0.0
2003,NM,90091.0,12982.0,0.0
2003,NV,128862.0,11777.0,0.0
2003,NY,499644.0,32918.0,31162.0
2003,OH,458173.0,73797.0,0.0
2003,OK,179085.0,20485.0,0.0
2003,OR,159427.0,38919.0,0.0
2003,PA,339614.0,105.0,0.0
2003,RI,44041.0,0.0,0.0
2003,SC,151957.0,153985.0,0.0
2003,SD,16129.0,3978.0,0.0
2003,TN,316918.0,91962.0,0.0
2003,TX,1234465.0,206236.0,0.0
2003,UT,116895.0,7938.0,0.0
2003,VA,245260.0,51387.0,0.0
2003,VT,11909.0,499.0,0.0
2003,WA,284236.0,86775.0,0.0
2003,WI,163976.0,26889.0,0.0
2003,WV,25067.0,15964.0,0.0
2003,WY,18118.0,4819.0,0.0
2004,AK,25880.0,0.0,0.0
2004,AL,213979.0,51165.0,0.0
2004,AR,122256.0,24046.0,0.0
2004,AZ,337152.0,43267.0,0.0
2004,CA,1390119.0,236268.0,48457.0
2004,CO,176157.0,34651.0,0.0
2004,CT,119953.0,0.0,0.0
2004,DC,40743.0,0.0,0.0
2004,DE,30280.0,0.0,0.0
2004,FL,682833.0,368846.0,0.0
2004,GA,332638.0,100633.0,0.0
2004,HI,79036.0,0.0,0.0
2004,IA,100083.0,14446.0,0.0
2004,ID,44633.0,13093.0,0.0
2004,IL,217980.0,0.0,0.0
2004,IN,222700.0,31444.0,0.0
2004,KS,134982.0,15597.0,0.0
2004,KY,95472.0,14157.0,15489.0
2004,LA,160892.0,110249.0,0.0
2004,MA,229736.0,0.0,0.0
2004,MD,259907.0,27253.0,0.0
2004,ME,33806.0,6260.0,0.0
2004,MI,367754.0,75479.0,0.0
2004,MN,173236.0,32497.0,0.0
2004,MO,267616.0,42927.0,0.0
2004,MS,91708.0,23865.0,0.0
2004,MT,19400.0,9397.0,0.0
2004,NC,326291.0,118417.0,0.0
2004,ND,13047.0,2663.0,0.0
2004,NE,71904.0,9007.0,0.0
2004,NH,33216.0,181.0,0.0
2004,NJ,304922.0,2.0,0.0
2004,NM,89577.0,14478.0,0.0
2004,NV,132157.0,11823.0,0.0
2004,NY,486305.0,32696.0,30998.0
2004,OH,475175.0,79482.0,0.0
2004,OK,177302.0,20972.0,0.0
2004,OR,159560.0,39799.0,0.0
2004,PA,351099.0,108.0,0.0
2004,RI,42502.0,0.0,0.0
2004,SC,155493.0,154696.0,0.0
2004,SD,16446.0,3052.0,0.0
2004,TN,322954.0,91304.0,0.0
2004,TX,1219454.0,209292.0,0.0
2004,UT,116966.0,8323.0,0.0
2004,VA,250026.0,51778.0,0.0
2004,VT,11943.0,699.0,0.0
2004,WA,291897.0,87111.0,0.0
2004,WI,153794.0,25880.0,0.0
2004,WV,31044.0,17902.0,0.0
2004,WY,18710.0,4662.0,0.0
2005,AK,27292.0,0.0,0.0
2005,AL,169564.0,39527.0,0.0
2005,AR,130909.0,29056.0,0.0
2005,AZ,320143.0,36912.0,0.0
2005,CA,1360081.0,233727.0,44423.0
2005,CO,189339.0,35875.0,0.0
2005,CT,112782.0,0.0,0.0
2005,DC,41602.0,0.0,0.0
2005,DE,30085.0,0.0,0.0
2005,FL,665641.0,367917.0,0.0
2005,GA,344433.0,113644.0,0.0
2005,HI,78870.0,0.0,0.0
2005,IA,100177.0,14582.0,0.0
2005,ID,43547.0,13427.0,0.0
2005,IL,207010.0,0.0,0.0
2005,IN,231591.0,29734.0,0.0
2005,KS,129211.0,16009.0,0.0
2005,KY,99104.0,15556.0,14976.0
2005,LA,130638.0,93729.0,0.0
2005,MA,225697.0,0.0,0.0
2005,MD,257140.0,26759.0,0.0
2005,ME,33855.0,6082.0,0.0
2005,MI,390672.0,77786.0,0.0
2005,MN,177077.0,32011.0,0.0
2005,MO,273689.0,44067.0,0.0
2005,MS,86931.0,24396.0,0.0
2005,MT,26012.0,11020.0,0.0
2005,NC,332200.0,129327.0,0.0
2005,ND,14453.0,2849.0,0.0
2005,NE,70929.0,8652.0,0.0
2005,NH,36299.0,179.0,0.0
2005,NJ,295316.0,0.0,0.0
2005,NM,90175.0,17397.0,0.0
2005,NV,135866.0,11921.0,0.0
2005,NY,480788.0,33304.0,34356.0
2005,OH,478388.0,70073.0,0.0
2005,OK,174016.0,20988.0,0.0
2005,OR,153954.0,39112.0,0.0
2005,PA,353078.0,90.0,0.0
2005,RI,39835.0,0.0,0.0
2005,SC,150835.0,154788.0,0.0
2005,SD,13969.0,2601.0,0.0
2005,TN,329757.0,92907.0,0.0
2005,TX,1208341.0,208577.0,0.0
2005,UT,116762.0,8275.0,0.0
2005,VA,253673.0,53972.0,0.0
2005,VT,12445.0,904.0,0.0
2005,WA,295916.0,92023.0,0.0
2005,WI,153970.0,26293.0,0.0
2005,WV,32988.0,18563.0,0.0
2005,WY,18147.0,4411.0,0.0
2006,AK,27887.0,0.0,0.0
2006,AL,171084.0,40032.0,0.0
2006,AR,133011.0,31849.0,0.0
2006,AZ,313726.0,47560.0,0.0
2006,CA,1336505.0,229149.0,45828.0
2006,CO,172543.0,33968.0,0.0
2006,CT,123514.0,0.0,0.0
2006,DC,43766.0,0.0,0.0
2006,DE,33294.0,0.0,0.0
2006,FL,663150.0,383163.0,0.0
2006,GA,342052.0,101899.0,0.0
2006,HI,69268.0,0.0,0.0
2006,IA,101030.0,14129.0,0.0
2006,ID,41300.0,12114.0,0.0
2006,IL,301382.0,20763.0,0.0
2006,IN,236128.0,31218.0,0.0
2006,KS,138128.0,16957.0,0.0
2006,KY,101174.0,15394.0,14603.0
2006,LA,144259.0,106284.0,0.0
2006,MA,230155.0,0.0,0.0
2006,MD,251260.0,28091.0,0.0
2006,ME,35978.0,6091.0,0.0
2006,MI,401474.0,79742.0,0.0
2006,MN,176754.0,32760.0,0.0
2006,MO,272219.0,43455.0,0.0
2006,MS,85563.0,26382.0,0.0
2006,MT,25760.0,11692.0,0.0
2006,NC,339179.0,138846.0,0.0
2006,ND,15792.0,2870.0,0.0
2006,NE,68820.0,9111.0,0.0
2006,NH,38587.0,165.0,0.0
2006,NJ,289723.0,0.0,0.0
2006,NM,92033.0,17312.0,0.0
2006,NV,142594.0,11362.0,0.0
2006,NY,479669.0,35305.0,32145.0
2006,OH,479123.0,77677.0,0.0
2006,OK,160418.0,19526.0,0.0
2006,OR,136430.0,35528.0,0.0
2006,PA,363454.0,64.0,0.0
2006,RI,38507.0,0.0,0.0
2006,SC,149563.0,155569.0,0.0
2006,SD,15594.0,2405.0,0.0
2006,TN,322896.0,93683.0,0.0
2006,TX,1174246.0,206480.0,0.0
2006,UT,110357.0,7708.0,0.0
2006,VA,243204.0,54001.0,0.0
2006,VT,12631.0,846.0,0.0
2006,WA,279671.0,85792.0,0.0
2006,WI,169467.0,27559.0,0.0
2006,WV,32664.0,19687.0,0.0
2006,WY,17792.0,4330.0,0.0
2007,AK,27299.0,0.0,0.0
2007,AL,200806.0,44392.0,0.0
2007,AR,134619.0,33386.0,0.0
2007,AZ,304260.0,47902.0,0.0
2007,CA,1305164.0,211903.0,42259.0
2007,CO,157445.0,29175.0,0.0
2007,CT,121101.0,0.0,0.0
2007,DC,45065.0,0.0,0.0
2007,DE,32878.0,0.0,0.0
2007,FL,682516.0,389385.0,0.0
2007,GA,366154.0,111370.0,0.0
2007,HI,70924.0,0.0,0.0
2007,IA,96712.0,13545.0,0.0
2007,ID,39707.0,13264.0,0.0
2007,IL,294364.0,20184.0,0.0
2007,IN,237554.0,32564.0,0.0
2007,KS,138895.0,16202.0,0.0
2007,KY,102575.0,17030.0,13818.0
2007,LA,149911.0,112291.0,0.0
2007,MA,233361.0,0.0,0.0
2007,MD,243226.0,27969.0,0.0
2007,ME,35585.0,5989.0,0.0
2007,MI,385535.0,76362.0,0.0
2007,MN,171894.0,32228.0,0.0
2007,MO,272798.0,43066.0,0.0
2007,MS,81956.0,25377.0,0.0
2007,MT,25874.0,12729.0,0.0
2007,NC,331369.0,133075.0,0.0
2007,ND,16026.0,2507.0,0.0
2007,NE,66540.0,9017.0,0.0
2007,NH,39528.0,160.0,0.0
2007,NJ,277816.0,0.0,0.0
2007,NM,90556.0,18325.0,0.0
2007,NV,141100.0,11293.0,0.0
2007,NY,464097.0,33378.0,32723.0
2007,OH,470015.0,71547.0,0.0
2007,OK,159745.0,19964.0,0.0
2007,OR,132749.0,33372.0,0.0
2007,PA,359817.0,59.0,0.0
2007,RI,38170.0,0.0,0.0
2007,SC,152545.0,160513.0,0.0
2007,SD,16627.0,3022.0,0.0
2007,TN,325287.0,99229.0,0.0
2007,TX,1198175.0,213146.0,0.0
2007,UT,116121.0,8183.0,0.0
2007,VA,245901.0,56659.0,0.0
2007,VT,12684.0,747.0,0.0
2007,WA,259535.0,79317.0,0.0
2007,WI,173977.0,28495.0,0.0
2007,WV,31116.0,19952.0,0.0
2007,WY,17946.0,4313.0,0.0
2008,AK,25429.0,0.0,0.0
2008,AL,224250.0,54632.0,0.0
2008,AR,133149.0,33272.0,0.0
2008,AZ,290529.0,42494.0,0.0
2008,CA,1272470.0,207243.0,40956.0
2008,CO,147323.0,28814.0,0.0
2008,CT,120094.0,0.0,0.0
2008,DC,44672.0,0.0,0.0
2008,DE,34388.0,0.0,0.0
2008,FL,681936.0,392324.0,0.0
2008,GA,379290.0,117716.0,0.0
2008,HI,63801.0,0.0,0.0
2008,IA,91289.0,12787.0,0.0
2008,ID,38130.0,11791.0,0.0
2008,IL,298849.0,14323.0,0.0
2008,IN,230975.0,33689.0,0.0
2008,KS,127854.0,15268.0,0.0
2008,KY,116611.0,19189.0,15598.0
2008,LA,137563.0,106080.0,0.0
2008,MA,237745.0,0.0,0.0
2008,MD,245232.0,28366.0,0.0
2008,ME,35046.0,6205.0,0.0
2008,MI,367565.0,73689.0,0.0
2008,MN,166002.0,29269.0,0.0
2008,MO,261996.0,40726.0,0.0
2008,MS,78232.0,24731.0,0.0
2008,MT,24304.0,12133.0,0.0
2008,NC,342407.0,142256.0,0.0
2008,ND,16153.0,2661.0,0.0
2008,NE,62423.0,8462.0,0.0
2008,NH,42520.0,188.0,0.0
2008,NJ,279536.0,0.0,0.0
2008,NM,94466.0,16608.0,0.0
2008,NV,134138.0,10378.0,0.0
2008,NY,469093.0,33401.0,31874.0
2008,OH,461996.0,77350.0,0.0
2008,OK,158112.0,19432.0,0.0
2008,OR,126617.0,30295.0,0.0
2008,PA,367056.0,53.0,0.0
2008,RI,40697.0,0.0,0.0
2008,SC,151140.0,155839.0,0.0
2008,SD,17269.0,2951.0,0.0
2008,TN,321952.0,96223.0,0.0
2008,TX,1179330.0,219424.0,0.0
2008,UT,116338.0,7976.0,0.0
2008,VA,249435.0,57810.0,0.0
2008,VT,14010.0,886.0,0.0
2008,WA,249731.0,77101.0,0.0
2008,WI,170928.0,27610.0,0.0
2008,WV,30900.0,20218.0,0.0
2008,WY,17629.0,4058.0,0.0
2009,AK,27833.0,0.0,0.0
2009,AL,213592.0,55725.0,0.0
2009,AR,135333.0,30406.0,0.0
2009,AZ,264641.0,40015.0,0.0
2009,CA,1201008.0,191590.0,40016.0
2009,CO,147225.0,27327.0,0.0
2009,CT,115254.0,0.0,0.0
2009,DC,43988.0,0.0,0.0
2009,DE,31817.0,0.0,0.0
2009,FL,645225.0,369474.0,0.0
2009,GA,356933.0,114563.0,0.0
2009,HI,64868.0,0.0,0.0
2009,IA,87398.0,12852.0,0.0
2009,ID,37098.0,11823.0,0.0
2009,IL,308321.0,15096.0,0.0
2009,IN,218208.0,32808.0,0.0
2009,KS,124788.0,14089.0,0.0
2009,KY,112364.0,18894.0,13935.0
2009,LA,139371.0,108055.0,0.0
2009,MA,235284.0,0.0,0.0
2009,MD,229331.0,26755.0,0.0
2009,ME,34933.0,5928.0,0.0
2009,MI,359330.0,72433.0,0.0
2009,MN,156888.0,26270.0,0.0
2009,MO,249778.0,37346.0,0.0
2009,MS,84977.0,26046.0,0.0
2009,MT,23983.0,11707.0,0.0
2009,NC,319469.0,134165.0,0.0
2009,ND,16763.0,2655.0,0.0
2009,NE,61468.0,7889.0,0.0
2009,NH,43526.0,141.0,0.0
2009,NJ,260353.0,3.0,0.0
2009,NM,91980.0,17197.0,0.0
2009,NV,124586.0,9781.0,0.0
2009,NY,471546.0,35497.0,32152.0
2009,OH,444415.0,76602.0,0.0
2009,OK,162820.0,20843.0,0.0
2009,OR,116538.0,29882.0,0.0
2009,PA,343890.0,31.0,0.0
2009,RI,38153.0,0.0,0.0
2009,SC,142283.0,148104.0,0.0
2009,SD,18319.0,3109.0,0.0
2009,TN,308265.0,95704.0,0.0
2009,TX,1191522.0,231393.0,0.0
2009,UT,115357.0,8085.0,0.0
2009,VA,246009.0,55507.0,0.0
2009,VT,12978.0,1017.0,0.0
2009,WA,247163.0,72250.0,0.0
2009,WI,161277.0,26643.0,0.0
2009,WV,30775.0,19830.0,0.0
2009,WY,16961.0,4099.0,0.0
2010,AK,27849.0,0.0,0.0
2010,AL,179976.0,47668.0,0.0
2010,AR,129120.0,31791.0,0.0
2010,AZ,251209.0,38249.0,0.0
2010,CA,1165483.0,185128.0,39446.0
2010,CO,147233.0,26102.0,0.0
2010,CT,109716.0,0.0,0.0
2010,DC,45372.0,0.0,0.0
2010,DE,32899.0,0.0,0.0
2010,FL,608090.0,348578.0,0.0
2010,GA,343521.0,119336.0,0.0
2010,HI,62515.0,0.0,0.0
2010,IA,85687.0,12344.0,0.0
2010,ID,36938.0,11351.0,0.0
2010,IL,364535.0,28654.0,0.0
2010,IN,221494.0,31005.0,0.0
2010,KS,124150.0,15855.0,0.0
2010,KY,115323.0,19108.0,13679.0
2010,LA,135437.0,104997.0,0.0
2010,MA,236937.0,0.0,0.0
2010,MD,219236.0,27044.0,0.0
2010,ME,34949.0,6570.0,0.0
2010,MI,344267.0,72192.0,0.0
2010,MN,151710.0,27417.0,0.0
2010,MO,244840.0,39084.0,0.0
2010,MS,83893.0,26744.0,0.0
2010,MT,24646.0,11238.0,0.0
2010,NC,294277.0,134739.0,0.0
2010,ND,16653.0,2533.0,0.0
2010,NE,60871.0,7575.0,0.0
2010,NH,45095.0,156.0,0.0
2010,NJ,262252.0,0.0,0.0
2010,NM,89965.0,17579.0,0.0
2010,NV,116109.0,9975.0,0.0
2010,NY,480994.0,37135.0,37216.0
2010,OH,435701.0,77578.0,0.0
2010,OK,156767.0,21022.0,0.0
2010,OR,118121.0,30225.0,0.0
2010,PA,343788.0,69.0,0.0
2010,RI,38254.0,0.0,0.0
2010,SC,139424.0,148732.0,0.0
2010,SD,20253.0,3286.0,0.0
2010,TN,297831.0,96362.0,0.0
2010,TX,1127732.0,229060.0,0.0
2010,UT,110044.0,7469.0,0.0
2010,VA,241822.0,56301.0,0.0
2010,VT,12062.0,763.0,0.0
2010,WA,250908.0,72475.0,0.0
2010,WI,153873.0,26491.0,0.0
2010,WV,25673.0,15368.0,0.0
2010,WY,16682.0,3977.0,0.0
2011,AK,26302.0,0.0,0.0
2011,AL,205287.0,54865.0,0.0
2011,AR,134564.0,34837.0,0.0
2011,AZ,253834.0,36997.0,0.0
2011,CA,1141073.0,180567.0,38958.0
2011,CO,146891.0,25649.0,0.0
2011,CT,108970.0,0.0,0.0
2011,DC,46917.0,0.0,0.0
2011,DE,31981.0,0.0,0.0
2011,FL,610477.0,342602.0,0.0
2011,GA,347009.0,123488.0,0.0
2011,HI,61092.0,0.0,0.0
2011,IA,86770.0,12553.0,0.0
2011,ID,37088.0,12012.0,0.0
2011,IL,360200.0,27642.0,0.0
2011,IN,222151.0,33504.0,0.0
2011,KS,123984.0,14849.0,0.0
2011,KY,123824.0,22222.0,13199.0
2011,LA,132062.0,108384.0,0.0
2011,MA,225748.0,0.0,0.0
2011,MD,210138.0,28308.0,0.0
2011,ME,35736.0,6918.0,0.0
2011,MI,319946.0,71269.0,0.0
2011,MN,151292.0,26452.0,0.0
2011,MO,241076.0,41195.0,0.0
2011,MS,76561.0,24041.0,0.0
2011,MT,22819.0,10082.0,0.0
2011,NC,305704.0,143678.0,0.0
2011,ND,16709.0,3145.0,0.0
2011,NE,61173.0,8147.0,0.0
2011,NH,44992.0,175.0,0.0
2011,NJ,264183.0,0.0,0.0
2011,NM,88833.0,18303.0,0.0
2011,NV,106388.0,8524.0,0.0
2011,NY,476756.0,36438.0,37056.0
2011,OH,435711.0,82574.0,0.0
2011,OK,154326.0,19584.0,0.0
2011,OR,123000.0,30177.0,0.0
2011,PA,349287.0,81.0,0.0
2011,RI,38308.0,0.0,0.0
2011,SC,139010.0,150891.0,0.0
2011,SD,19463.0,3559.0,0.0
2011,TN,295035.0,93802.0,0.0
2011,TX,1069783.0,216919.0,0.0
2011,UT,102552.0,7569.0,0.0
2011,VA,233354.0,57491.0,0.0
2011,VT,12851.0,826.0,0.0
2011,WA,245340.0,66470.0,0.0
2011,WI,149840.0,26404.0,0.0
2011,WV,24800.0,13817.0,0.0
2011,WY,15723.0,3622.0,0.0
2012,AK,26790.0,0.0,0.0
2012,AL,200545.0,59378.0,0.0
2012,AR,131491.0,35465.0,0.0
2012,AZ,252647.0,36918.0,0.0
2012,CA,1210746.0,189003.0,42979.0
2012,CO,153524.0,25109.0,0.0
2012,CT,109420.0,0.0,0.0
2012,DC,48518.0,0.0,0.0
2012,DE,32151.0,0.0,0.0
2012,FL,584092.0,322106.0,0.0
2012,GA,345795.0,116347.0,0.0
2012,HI,59834.0,0.0,0.0
2012,IA,83984.0,12075.0,0.0
2012,ID,36254.0,11660.0,0.0
2012,IL,346904.0,26450.0,0.0
2012,IN,223180.0,30547.0,0.0
2012,KS,126417.0,15205.0,0.0
2012,KY,120269.0,20217.0,12466.0
2012,LA,132154.0,100666.0,0.0
2012,MA,218887.0,0.0,0.0
2012,MD,205072.0,28172.0,0.0
2012,ME,35760.0,6724.0,0.0
2012,MI,315903.0,74643.0,0.0
2012,MN,152610.0,26368.0,0.0
2012,MO,239708.0,42821.0,0.0
2012,MS,73784.0,20712.0,0.0
2012,MT,25471.0,11322.0,0.0
2012,NC,312146.0,134842.0,0.0
2012,ND,18210.0,3885.0,0.0
2012,NE,61554.0,7878.0,0.0
2012,NH,44574.0,204.0,0.0
2012,NJ,251754.0,239.0,0.0
2012,NM,90098.0,17335.0,0.0
2012,NV,117996.0,10212.0,0.0
2012,NY,484672.0,38025.0,35168.0
2012,OH,419791.0,80893.0,0.0
2012,OK,159423.0,21293.0,0.0
2012,OR,125567.0,31411.0,0.0
2012,PA,342512.0,48.0,0.0
2012,RI,37394.0,0.0,0.0
2012,SC,135455.0,147997.0,0.0
2012,SD,23476.0,3607.0,0.0
2012,TN,287593.0,87744.0,0.0
2012,TX,1053478.0,215746.0,0.0
2012,UT,104786.0,7613.0,0.0
2012,VA,226172.0,56726.0,0.0
2012,VT,13325.0,800.0,0.0
2012,WA,260137.0,66365.0,0.0
2012,WI,153620.0,26525.0,0.0
2012,WV,28713.0,16788.0,0.0
2012,WY,15650.0,3793.0,0.0
2013,AK,27782.0,0.0,0.0
2013,AL,203895.0,52182.0,0.0
2013,AR,123755.0,33936.0,0.0
2013,AZ,268763.0,35328.0,0.0
2013,CA,1172402.0,181365.0,42858.0
2013,CO,156650.0,25124.0,0.0
2013,CT,101679.0,0.0,0.0
2013,DC,49497.0,0.0,0.0
2013,DE,29259.0,0.0,0.0
2013,FL,563386.0,306562.0,0.0
2013,GA,342910.0,109417.0,0.0
2013,HI,39012.0,0.0,0.0
2013,IA,82089.0,10751.0,0.0
2013,ID,34347.0,11620.0,0.0
2013,IL,315383.0,22413.0,0.0
2013,IN,206832.0,29703.0,0.0
2013,KS,117130.0,14317.0,0.0
2013,KY,114997.0,18381.0,10489.0
2013,LA,134792.0,101089.0,0.0
2013,MA,211975.0,0.0,0.0
2013,MD,195067.0,28016.0,0.0
2013,ME,33131.0,6225.0,0.0
2013,MI,292806.0,67381.0,0.0
2013,MN,147005.0,25351.0,0.0
2013,MO,228647.0,39497.0,0.0
2013,MS,66067.0,17186.0,0.0
2013,MT,25446.0,10779.0,0.0
2013,NC,293540.0,114806.0,0.0
2013,ND,20510.0,3878.0,0.0
2013,NE,59920.0,7322.0,0.0
2013,NH,42103.0,208.0,0.0
2013,NJ,235484.0,65.0,0.0
2013,NM,79823.0,15353.0,0.0
2013,NV,118620.0,9328.0,0.0
2013,NY,462879.0,33631.0,33431.0
2013,OH,393241.0,70355.0,0.0
2013,OK,153111.0,21024.0,0.0
2013,OR,125329.0,28484.0,0.0
2013,PA,321451.0,88.0,0.0
2013,RI,35531.0,0.0,0.0
2013,SC,129832.0,139222.0,0.0
2013,SD,22930.0,3584.0,0.0
2013,TN,273725.0,79204.0,0.0
2013,TX,1029503.0,209947.0,0.0
2013,UT,109357.0,7115.0,0.0
2013,VA,219597.0,52729.0,0.0
2013,VT,11789.0,679.0,0.0
2013,WA,264767.0,68156.0,0.0
2013,WI,142266.0,22536.0,0.0
2013,WV,23093.0,13635.0,0.0
2013,WY,15214.0,3415.0,0.0
2014,AK,27225.0,0.0,0.0
2014,AL,194255.0,50954.0,0.0
2014,AR,110740.0,34020.0,0.0
2014,AZ,260744.0,32052.0,0.0
2014,CA,1129286.0,168446.0,39981.0
2014,CO,155394.0,24622.0,0.0
2014,CT,98347.0,0.0,0.0
2014,DC,54678.0,0.0,0.0
2014,DE,27987.0,0.0,0.0
2014,FL,552483.0,293646.0,0.0
2014,GA,352786.0,103551.0,0.0
2014,HI,32539.0,0.0,0.0
2014,IA,79553.0,10818.0,0.0
2014,ID,34741.0,11558.0,0.0
2014,IL,286906.0,20043.0,0.0
2014,IN,192979.0,25850.0,0.0
2014,KS,106034.0,12870.0,0.0
2014,KY,113115.0,17255.0,9700.0
2014,LA,135361.0,95502.0,0.0
2014,MA,195842.0,0.0,0.0
2014,MD,187684.0,27000.0,0.0
2014,ME,29564.0,5591.0,0.0
2014,MI,267899.0,63119.0,0.0
2014,MN,141223.0,24042.0,0.0
2014,MO,217748.0,37121.0,0.0
2014,MS,64373.0,17183.0,0.0
2014,MT,24932.0,11080.0,0.0
2014,NC,272684.0,113740.0,0.0
2014,ND,20592.0,4158.0,0.0
2014,NE,58604.0,7083.0,0.0
2014,NH,39633.0,214.0,0.0
2014,NJ,220032.0,292.0,0.0
2014,NM,82289.0,15074.0,0.0
2014,NV,114791.0,8899.0,0.0
2014,NY,437447.0,31025.0,32554.0
2014,OH,362043.0,67407.0,0.0
2014,OK,144596.0,21213.0,0.0
2014,OR,123012.0,22516.0,0.0
2014,PA,306838.0,76.0,0.0
2014,RI,32625.0,0.0,0.0
2014,SC,127519.0,134141.0,0.0
2014,SD,22109.0,3550.0,0.0
2014,TN,268975.0,77134.0,0.0
2014,TX,983347.0,204012.0,0.0
2014,UT,102755.0,6545.0,0.0
2014,VA,208923.0,50312.0,0.0
2014,VT,8774.0,332.0,0.0
2014,WA,270428.0,67078.0,0.0
2014,WI,135440.0,21142.0,0.0
2014,WV,20344.0,13918.0,0.0
2014,WY,13837.0,3263.0,0.0
2015,AK,29294.0,0.0,0.0
2015,AL,193789.0,52235.0,0.0
2015,AR,115296.0,32637.0,0.0
2015,AZ,260886.0,32757.0,0.0
2015,CA,1223255.0,176416.0,40786.0
2015,CO,164282.0,27428.0,0.0
2015,CT,93946.0,0.0,0.0
2015,DC,52928.0,0.0,0.0
2015,DE,26571.0,0.0,0.0
2015,FL,546449.0,292275.0,0.0
2015,GA,317618.0,98459.0,0.0
2015,HI,61390.0,0.0,0.0
2015,IA,80907.0,11181.0,0.0
2015,ID,33760.0,11015.0,0.0
2015,IL,278046.0,19148.0,0.0
2015,IN,191097.0,25933.0,0.0
2015,KS,107693.0,12416.0,0.0
2015,KY,114198.0,17410.0,9241.0
2015,LA,133905.0,100163.0,0.0
2015,MA,182699.0,0.0,0.0
2015,MD,172182.0,26920.0,0.0
2015,ME,27709.0,5330.0,0.0
2015,MI,257506.0,55527.0,0.0
2015,MN,140495.0,22822.0,0.0
2015,MO,218951.0,36567.0,0.0
2015,MS,59188.0,17251.0,0.0
2015,MT,25685.0,12027.0,0.0
2015,NC,253996.0,98739.0,0.0
2015,ND,22321.0,4465.0,0.0
2015,NE,55606.0,7012.0,0.0
2015,NH,37052.0,244.0,0.0
2015,NJ,211625.0,378.0,0.0
2015,NM,87141.0,14281.0,0.0
2015,NV,119219.0,9090.0,0.0
2015,NY,414549.0,28759.0,31503.0
2015,OH,357478.0,64616.0,0.0
2015,OK,140470.0,21437.0,0.0
2015,OR,76677.0,19110.0,0.0
2015,PA,293294.0,41.0,0.0
2015,RI,29870.0,0.0,0.0
2015,SC,128360.0,127823.0,0.0
2015,SD,23654.0,3680.0,0.0
2015,TN,267400.0,74843.0,0.0
2015,TX,967543.0,202522.0,0.0
2015,UT,110181.0,6753.0,0.0
2015,VA,206565.0,48518.0,0.0
2015,VT,8888.0,383.0,0.0
2015,WA,263194.0,64072.0,0.0
2015,WI,130408.0,20343.0,0.0
2015,WV,20294.0,13217.0,0.0
2015,WY,13905.0,3227.0,0.0
2016,AK,33082.0,0.0,0.0
2016,AL,197097.0,54944.0,0.0
2016,AR,119412.0,33673.0,0.0
2016,AZ,266813.0,33152.0,0.0
2016,CA,1209090.0,178028.0,40508.0
2016,CO,173168.0,29484.0,0.0
2016,CT,93525.0,0.0,0.0
2016,DC,54007.0,0.0,0.0
2016,DE,27491.0,0.0,0.0
2016,FL,534620.0,282421.0,0.0
2016,GA,316274.0,110624.0,0.0
2016,HI,57689.0,0.0,0.0
2016,IA,83190.0,11023.0,0.0
2016,ID,34563.0,11000.0,0.0
2016,IL,289637.0,19817.0,0.0
2016,IN,188759.0,23189.0,0.0
2016,KS,98027.0,11625.0,0.0
2016,KY,115599.0,17434.0,8886.0
2016,LA,135108.0,97923.0,0.0
2016,MA,174018.0,0.0,0.0
2016,MD,184039.0,26129.0,0.0
2016,ME,25326.0,5049.0,0.0
2016,MI,261896.0,56468.0,0.0
2016,MN,136823.0,21941.0,0.0
2016,MO,219414.0,35223.0,0.0
2016,MS,57491.0,17590.0,0.0
2016,MT,27320.0,12336.0,0.0
2016,NC,261898.0,95469.0,0.0
2016,ND,22394.0,4305.0,0.0
2016,NE,58083.0,7065.0,0.0
2016,NH,33391.0,273.0,0.0
2016,NJ,203979.0,620.0,0.0
2016,NM,91391.0,15058.0,0.0
2016,NV,121254.0,8541.0,0.0
2016,NY,401071.0,27424.0,30728.0
2016,OH,368530.0,62624.0,0.0
2016,OK,145642.0,22154.0,0.0
2016,OR,122371.0,28184.0,0.0
2016,PA,285951.0,76.0,0.0
2016,RI,28489.0,0.0,0.0
2016,SC,127674.0,127744.0,0.0
2016,SD,24810.0,4124.0,0.0
2016,TN,266198.0,75618.0,0.0
2016,TX,971966.0,199262.0,0.0
2016,UT,112016.0,7127.0,0.0
2016,VA,206614.0,48833.0,0.0
2016,VT,9291.0,386.0,0.0
2016,WA,269851.0,63824.0,0.0
2016,WI,133130.0,19839.0,0.0
2016,WV,25405.0,13096.0,0.0
2016,WY,14010.0,3134.0,0.0
2017,AK,34850.0,0.0,0.0
2017,AL,188315.0,52202.0,0.0
2017,AR,115229.0,32483.0,0.0
2017,AZ,272383.0,35857.0,0.0
2017,CA,1208018.0,173309.0,39481.0
2017,CO,175242.0,30857.0,0.0
2017,CT,93155.0,0.0,0.0
2017,DC,49808.0,0.0,0.0
2017,DE,25453.0,0.0,0.0
2017,FL,514713.0,273240.0,0.0
2017,GA,258787.0,91882.0,0.0
2017,HI,55337.0,0.0,0.0
2017,IA,82619.0,11448.0,0.0
2017,ID,34349.0,10657.0,0.0
2017,IL,285653.0,19154.0,0.0
2017,IN,179213.0,22625.0,0.0
2017,KS,99355.0,12786.0,0.0
2017,KY,113108.0,18119.0,9345.0
2017,LA,138848.0,93752.0,0.0
2017,MA,165518.0,0.0,0.0
2017,MD,184940.0,24479.0,0.0
2017,ME,23987.0,4690.0,0.0
2017,MI,250708.0,54751.0,0.0
2017,MN,140675.0,22532.0,0.0
2017,MO,222367.0,33665.0,0.0
2017,MS,54127.0,15331.0,0.0
2017,MT,27377.0,12240.0,0.0
2017,NC,256889.0,89213.0,0.0
2017,ND,22259.0,3825.0,0.0
2017,NE,57002.0,6606.0,0.0
2017,NH,32546.0,252.0,0.0
2017,NJ,202130.0,480.0,0.0
2017,NM,92904.0,14301.0,0.0
2017,NV,125995.0,8527.0,0.0
2017,NY,391032.0,25551.0,28996.0
2017,OH,362520.0,58388.0,0.0
2017,OK,141490.0,22339.0,0.0
2017,OR,125723.0,29944.0,0.0
2017,PA,275827.0,44.0,0.0
2017,RI,28395.0,0.0,0.0
2017,SC,126022.0,125362.0,0.0
2017,SD,23360.0,4120.0,0.0
2017,TN,274257.0,75828.0,0.0
2017,TX,940594.0,190276.0,0.0
2017,UT,106714.0,6783.0,0.0
2017,VA,200976.0,49249.0,0.0
2017,VT,9511.0,507.0,0.0
2017,WA,256420.0,59588.0,0.0
2017,WI,130012.0,19254.0,0.0
2017,WV,22847.0,12945.0,0.0
2017,WY,13614.0,3094.0,0.0
2018,AK,33201.0,0.0,0.0
2018,AL,182684.0,46584.0,0.0
2018,AR,116494.0,29811.0,0.0
2018,AZ,260260.0,32130.0,0.0
2018,CA,1169880.0,171225.0,36515.0
2018,CO,179691.0,31380.0,0.0
2018,CT,89659.0,0.0,0.0
2018,DC,50798.0,0.0,0.0
2018,DE,25139.0,0.0,0.0
2018,FL,240152.0,129237.0,0.0
2018,GA,270285.0,91446.0,0.0
2018,HI,55449.0,0.0,0.0
2018,IA,61496.0,9454.0,0.0
2018,ID,32714.0,10523.0,0.0
2018,IL,271200.0,19456.0,0.0
2018,IN,168405.0,19038.0,0.0
2018,KS,97693.0,12381.0,0.0
2018,KY,106790.0,17525.0,8250.0
2018,LA,136417.0,89360.0,0.0
2018,MA,153648.0,0.0,0.0
2018,MD,175114.0,23480.0,0.0
2018,ME,22839.0,4381.0,0.0
2018,MI,243416.0,53488.0,0.0
2018,MN,130889.0,20403.0,0.0
2018,MO,208551.0,33246.0,0.0
2018,MS,48855.0,12823.0,0.0
2018,MT,26495.0,11995.0,0.0
2018,NC,245491.0,93053.0,0.0
2018,ND,21600.0,3747.0,0.0
2018,NE,56139.0,6592.0,0.0
2018,NH,31327.0,231.0,0.0
2018,NJ,183620.0,461.0,0.0
2018,NM,91944.0,9745.0,0.0
2018,NV,124196.0,8372.0,0.0
2018,NY,374911.0,23709.0,26900.0
2018,OH,339757.0,52841.0,0.0
2018,OK,143882.0,22264.0,0.0
2018,OR,126529.0,30528.0,0.0
2018,PA,257840.0,58.0,0.0
2018,RI,27180.0,0.0,0.0
2018,SC,121738.0,126187.0,0.0
2018,SD,22217.0,4102.0,0.0
2018,TN,268057.0,70693.0,0.0
2018,TX,908233.0,181284.0,0.0
2018,UT,94547.0,6634.0,0.0
2018,VA,192629.0,46439.0,0.0
2018,VT,8851.0,422.0,0.0
2018,WA,248737.0,56088.0,0.0
2018,WI,116344.0,17703.0,0.0
2018,WV,18916.0,10732.0,0.0
2018,WY,12590.0,2279.0,0.0
2019,AK,30295.0,0.0,0.0
2019,AL,72746.0,22302.0,0.0
2019,AR,109841.0,28542.0,0.0
2019,AZ,247969.0,22135.0,0.0
2019,CA,1139055.0,165786.0,37759.0
2019,CO,165926.0,26421.0,0.0
2019,CT,79099.0,0.0,0.0
2019,DC,51007.0,0.0,0.0
2019,DE,24772.0,0.0,0.0
2019,FL,473565.0,243039.0,0.0
2019,GA,209472.0,63402.0,0.0
2019,HI,48901.0,0.0,0.0
2019,IA,71530.0,9472.0,0.0
2019,ID,28297.0,9233.0,0.0
2019,IL,257826.0,16965.0,0.0
2019,IN,149277.0,17530.0,0.0
2019,KS,90000.0,10716.0,0.0
2019,KY,103806.0,16803.0,7649.0
2019,LA,132061.0,80430.0,0.0
2019,MA,146161.0,0.0,0.0
2019,MD,170483.0,22138.0,0.0
2019,ME,21857.0,4284.0,0.0
2019,MI,237825.0,49243.0,0.0
2019,MN,139779.0,19054.0,0.0
2019,MO,203730.0,30631.0,0.0
2019,MS,47827.0,12951.0,0.0
2019,MT,25207.0,10083.0,0.0
2019,NC,230417.0,73551.0,0.0
2019,ND,21452.0,3618.0,0.0
2019,NE,55802.0,6252.0,0.0
2019,NH,29229.0,222.0,0.0
2019,NJ,176985.0,656.0,0.0
2019,NM,83889.0,9015.0,0.0
2019,NV,120823.0,7514.0,0.0
2019,NY,359276.0,21648.0,25121.0
2019,OH,320253.0,45886.0,0.0
2019,OK,143608.0,21616.0,0.0
2019,OR,118859.0,27158.0,0.0
2019,PA,208761.0,52.0,0.0
2019,RI,25587.0,0.0,0.0
2019,SC,120048.0,119573.0,0.0
2019,SD,23006.0,4306.0,0.0
2019,TN,255261.0,65571.0,0.0
2019,TX,917515.0,180435.0,0.0
2019,UT,88434.0,6407.0,0.0
2019,VA,191050.0,45448.0,0.0
2019,VT,9881.0,470.0,0.0
2019,WA,230051.0,51844.0,0.0
2019,WI,109859.0,16327.0,0.0
2019,WV,14085.0,10251.0,0.0
2019,WY,12134.0,2016.0,0.0
2020,AK,24897.0,0.0,0.0
2020,AL,74178.0,19986.0,0.0
2020,AR,111478.0,29089.0,0.0
2020,AZ,238591.0,30127.0,0.0
2020,CA,1059844.0,160199.0,29698.0
2020,CO,194465.0,32568.0,0.0
2020,CT,83885.0,0.0,0.0
2020,DC,43115.0,0.0,0.0
2020,DE,22738.0,0.0,0.0
2020,FL,414054.0,219841.0,0.0
2020,GA,155517.0,67451.0,0.0
2020,HI,48232.0,0.0,0.0
2020,IA,72648.0,9997.0,0.0
2020,ID,28015.0,9914.0,0.0
2020,IL,228523.0,15883.0,0.0
2020,IN,153141.0,20142.0,0.0
2020,KS,88394.0,12706.0,0.0
2020,KY,103423.0,17603.0,6955.0
2020,LA,120366.0,78882.0,0.0
2020,MA,138277.0,0.0,0.0
2020,MD,145571.0,17629.0,0.0
2020,ME,21137.0,5332.0,0.0
2020,MI,220886.0,49520.0,0.0
2020,MN,144845.0,20474.0,0.0
2020,MO,204850.0,33091.0,0.0
2020,MS,55286.0,16243.0,0.0
2020,MT,25480.0,11510.0,0.0
2020,NC,277746.0,91772.0,0.0
2020,ND,24543.0,3526.0,0.0
2020,NE,51431.0,5883.0,0.0
2020,NH,27735.0,224.0,0.0
2020,NJ,157729.0,345.0,0.0
2020,NM,76227.0,12064.0,0.0
2020,NV,115129.0,8573.0,0.0
2020,NY,367607.0,20869.0,23949.0
2020,OH,312663.0,48925.0,0.0
2020,OK,142132.0,22198.0,0.0
2020,OR,120117.0,27945.0,0.0
2020,PA,219635.0,50.0,0.0
2020,RI,21612.0,0.0,0.0
2020,SC,113007.0,118977.0,0.0
2020,SD,25611.0,4638.0,0.0
2020,TN,250719.0,63225.0,0.0
2020,TX,909141.0,191270.0,0.0
2020,UT,96502.0,7054.0,0.0
2020,VA,175834.0,42553.0,0.0
2020,VT,8969.0,367.0,0.0
2020,WA,238805.0,52512.0,0.0
2020,WI,113816.0,18345.0,0.0
2020,WV,18122.0,11247.0,0.0
2020,WY,12586.0,2902.0,0.0
2021,AK,5659.0,0.0,0.0
2021,AL,91982.0,27144.0,0.0
2021,AR,110553.0,28007.0,0.0
2021,AZ,88224.0,28872.0,0.0
2021,CA,210963.0,30955.0,3094.0
2021,CO,214693.0,34002.0,0.0
2021,CT,84147.0,0.0,0.0
2021,DC,20735.0,0.0,0.0
2021,DE,22101.0,0.0,0.0
2021,FL,53061.0,83779.0,0.0
2021,GA,199917.0,66075.0,0.0
2021,HI,55619.0,0.0,0.0
2021,IA,68067.0,9772.0,0.0
2021,ID,25229.0,9541.0,0.0
2021,IL,175963.0,13270.0,0.0
2021,IN,138395.0,19453.0,0.0
2021,KS,93816.0,11570.0,0.0
2021,KY,96012.0,16806.0,6607.0
2021,LA,107560.0,74639.0,0.0
2021,MA,135863.0,0.0,0.0
2021,MD,85952.0,4934.0,0.0
2021,ME,21000.0,5413.0,0.0
2021,MI,223167.0,48088.0,0.0
2021,MN,144466.0,20395.0,0.0
2021,MO,193922.0,30873.0,0.0
2021,MS,41017.0,16582.0,0.0
2021,MT,25495.0,11335.0,0.0
2021,NC,268110.0,91080.0,0.0
2021,ND,24919.0,3254.0,0.0
2021,NE,28496.0,6819.0,0.0
2021,NH,27883.0,232.0,0.0
2021,NJ,111179.0,360.0,0.0
2021,NM,75291.0,13565.0,0.0
2021,NV,123981.0,9360.0,0.0
2021,NY,90455.0,13576.0,754.0
2021,OH,299358.0,43837.0,0.0
2021,OK,141497.0,21707.0,0.0
2021,OR,123302.0,28401.0,0.0
2021,PA,104890.0,3.0,0.0
2021,RI,21491.0,0.0,0.0
2021,SC,108099.0,113549.0,0.0
2021,SD,22921.0,4333.0,0.0
2021,TN,238550.0,60718.0,0.0
2021,TX,898317.0,186873.0,0.0
2021,UT,91895.0,6742.0,0.0
2021,VA,177699.0,42269.0,0.0
2021,VT,9726.0,499.0,0.0
2021,WA,259192.0,54734.0,0.0
2021,WI,117404.0,17756.0,0.0
2021,WV,17438.0,11161.0,0.0
2021,WY,9851.0,2709.0,0.0
2022,AK,22057.0,0.0,0.0
2022,AL,126266.0,32648.0,0.0
2022,AR,108320.0,27103.0,0.0
2022,AZ,206035.0,25632.0,0.0
2022,CA,1156966.0,170976.0,21877.0
2022,CO,222049.0,30474.0,0.0
2022,CT,82408.0,0.0,0.0
2022,DC,43698.0,0.0,0.0
2022,DE,22520.0,0.0,0.0
2022,FL,257164.0,176169.0,0.0
2022,GA,213995.0,68283.0,0.0
2022,HI,46153.0,0.0,0.0
2022,IA,63665.0,9322.0,0.0
2022,ID,26588.0,9266.0,0.0
2022,IL,323661.0,17035.0,0.0
2022,IN,144213.0,18640.0,0.0
2022,KS,92236.0,10364.0,0.0
2022,KY,88016.0,14801.0,6947.0
2022,LA,111099.0,78239.0,0.0
2022,MA,144213.0,0.0,0.0
2022,MD,159907.0,18279.0,0.0
2022,ME,22502.0,5314.0,0.0
2022,MI,239193.0,49270.0,0.0
2022,MN,142083.0,16890.0,0.0
2022,MO,197578.0,30291.0,0.0
2022,MS,36151.0,16882.0,0.0
2022,MT,25500.0,10088.0,0.0
2022,NC,271169.0,89488.0,0.0
2022,ND,23687.0,3127.0,0.0
2022,NE,55693.0,6499.0,0.0
2022,NH,28100.0,222.0,0.0
2022,NJ,191323.0,427.0,0.0
2022,NM,83258.0,14220.0,0.0
2022,NV,129230.0,9371.0,0.0
2022,NY,452467.0,23853.0,26580.0
2022,OH,313918.0,47628.0,0.0
2022,OK,134656.0,21201.0,0.0
2022,OR,131499.0,32030.0,0.0
2022,PA,215792.0,37.0,0.0
2022,RI,22463.0,0.0,0.0
2022,SC,104668.0,112057.0,0.0
2022,SD,24034.0,3848.0,0.0
2022,TN,245864.0,56719.0,0.0
2022,TX,934484.0,199696.0,0.0
2022,UT,88870.0,6484.0,0.0
2022,VA,202926.0,45793.0,0.0
2022,VT,12257.0,605.0,0.0
2022,WA,289565.0,59100.0,0.0
2022,WI,109376.0,17499.0,0.0
2022,WV,18082.0,10592.0,0.0
2022,WY,10104.0,2225.0,0.0
2023,AK,22216.0,0.0,0.0
2023,AL,121738.0,31483.0,0.0
2023,AR,103795.0,22556.0,0.0
2023,AZ,188753.0,22194.0,0.0
2023,CA,1161736.0,160679.0,21084.0
2023,CO,205906.0,26923.0,0.0
2023,CT,82245.0,0.0,0.0
2023,DC,52129.0,0.0,0.0
2023,DE,22054.0,0.0,0.0
2023,FL,216408.0,141059.0,0.0
2023,GA,203650.0,74292.0,0.0
2023,HI,31552.0,0.0,0.0
2023,IA,68243.0,8189.0,0.0
2023,ID,24127.0,8526.0,0.0
2023,IL,367970.0,21303.0,0.0
2023,IN,151877.0,20256.0,0.0
2023,KS,91809.0,9025.0,0.0
2023,KY,94615.0,15275.0,6839.0
2023,LA,109244.0,74948.0,0.0
2023,MA,144032.0,0.0,0.0
2023,MD,180836.0,19656.0,0.0
2023,ME,21462.0,5366.0,0.0
2023,MI,243089.0,44786.0,0.0
2023,MN,128074.0,14632.0,0.0
2023,MO,183750.0,28075.0,0.0
2023,MS,30233.0,13992.0,0.0
2023,MT,24876.0,9613.0,0.0
2023,NC,272934.0,77800.0,0.0
2023,ND,23508.0,2982.0,0.0
2023,NE,39950.0,5666.0,0.0
2023,NH,23724.0,181.0,0.0
2023,NJ,204455.0,332.0,0.0
2023,NM,81584.0,13209.0,0.0
2023,NV,130965.0,8734.0,0.0
2023,NY,640675.0,24612.0,25126.0
2023,OH,297024.0,42199.0,0.0
2023,OK,129921.0,20037.0,0.0
2023,OR,119772.0,27840.0,0.0
2023,PA,257070.0,83.0,0.0
2023,RI,20930.0,0.0,0.0
2023,SC,103288.0,106193.0,0.0
2023,SD,23281.0,3807.0,0.0
2023,TN,254806.0,53800.0,0.0
2023,TX,916840.0,198800.0,0.0
2023,UT,80440.0,6120.0,0.0
2023,VA,204413.0,44667.0,0.0
2023,VT,12852.0,530.0,0.0
2023,WA,259796.0,51020.0,0.0
2023,WI,100822.0,15865.0,0.0
2023,WV,17214.0,9938.0,0.0
2023,WY,12360.0,1977.0,0.0
